# Blender 4.1.1
# www.blender.org
o Text
v -1.313397 0.680495 -0.100000
v -1.344510 0.676046 -0.100000
v -1.373219 0.668750 -0.100000
v -1.399408 0.658704 -0.100000
v -1.422957 0.646005 -0.100000
v -1.443750 0.630750 -0.100000
v -1.461668 0.613037 -0.100000
v -1.476593 0.592963 -0.100000
v -1.488406 0.570625 -0.100000
v -1.496991 0.546120 -0.100000
v -1.502228 0.519546 -0.100000
v -1.504000 0.491000 -0.100000
v -1.503151 0.471673 -0.100000
v -1.500625 0.453213 -0.100000
v -1.496453 0.435656 -0.100000
v -1.490667 0.419037 -0.100000
v -1.483297 0.403390 -0.100000
v -1.474375 0.388750 -0.100000
v -1.463933 0.375152 -0.100000
v -1.452000 0.362630 -0.100000
v -1.438610 0.351219 -0.100000
v -1.423792 0.340954 -0.100000
v -1.407578 0.331869 -0.100000
v -1.390000 0.324000 -0.100000
v -1.405022 0.313292 -0.100000
v -1.419176 0.301667 -0.100000
v -1.432594 0.289125 -0.100000
v -1.445407 0.275667 -0.100000
v -1.457749 0.261292 -0.100000
v -1.469750 0.246000 -0.100000
v -1.481543 0.229792 -0.100000
v -1.493259 0.212667 -0.100000
v -1.505031 0.194625 -0.100000
v -1.516991 0.175667 -0.100000
v -1.529270 0.155792 -0.100000
v -1.542000 0.135000 -0.100000
v -1.549025 0.123712 -0.100000
v -1.555695 0.113194 -0.100000
v -1.562156 0.103219 -0.100000
v -1.568556 0.093556 -0.100000
v -1.575038 0.083976 -0.100000
v -1.581750 0.074250 -0.100000
v -1.588837 0.064149 -0.100000
v -1.596445 0.053444 -0.100000
v -1.604719 0.041906 -0.100000
v -1.613806 0.029306 -0.100000
v -1.623851 0.015413 -0.100000
v -1.635000 -0.000000 -0.100000
v -1.518000 -0.000000 -0.100000
v -1.428000 0.140000 -0.100000
v -1.406487 0.172479 -0.100000
v -1.386815 0.200167 -0.100000
v -1.368781 0.223437 -0.100000
v -1.352185 0.242667 -0.100000
v -1.336825 0.258229 -0.100000
v -1.322500 0.270500 -0.100000
v -1.309008 0.279854 -0.100000
v -1.296148 0.286667 -0.100000
v -1.283719 0.291313 -0.100000
v -1.271519 0.294167 -0.100000
v -1.259346 0.295604 -0.100000
v -1.247000 0.296000 -0.100000
v -1.206000 0.296000 -0.100000
v -1.206000 -0.000000 -0.100000
v -1.108000 -0.000000 -0.100000
v -1.108000 0.682000 -0.100000
v -1.280000 0.682000 -0.100000
v -1.269000 0.384000 -0.100000
v -1.293713 0.385095 -0.100000
v -1.315454 0.388264 -0.100000
v -1.334375 0.393328 -0.100000
v -1.350630 0.400111 -0.100000
v -1.364370 0.408436 -0.100000
v -1.375750 0.418125 -0.100000
v -1.384921 0.429002 -0.100000
v -1.392037 0.440889 -0.100000
v -1.397250 0.453609 -0.100000
v -1.400713 0.466986 -0.100000
v -1.402579 0.480842 -0.100000
v -1.403000 0.495000 -0.100000
v -1.401968 0.510471 -0.100000
v -1.399324 0.524852 -0.100000
v -1.395000 0.538094 -0.100000
v -1.388926 0.550148 -0.100000
v -1.381032 0.560966 -0.100000
v -1.371250 0.570500 -0.100000
v -1.359509 0.578700 -0.100000
v -1.345741 0.585519 -0.100000
v -1.329875 0.590906 -0.100000
v -1.311843 0.594815 -0.100000
v -1.291574 0.597196 -0.100000
v -1.269000 0.598000 -0.100000
v -1.206000 0.598000 -0.100000
v -1.206000 0.384000 -0.100000
v -0.673487 0.687742 -0.100000
v -0.724310 0.678269 -0.100000
v -0.771266 0.663031 -0.100000
v -0.814148 0.642482 -0.100000
v -0.852753 0.617071 -0.100000
v -0.886875 0.587250 -0.100000
v -0.916310 0.553471 -0.100000
v -0.940852 0.516185 -0.100000
v -0.960297 0.475844 -0.100000
v -0.974440 0.432898 -0.100000
v -0.983076 0.387800 -0.100000
v -0.986000 0.341000 -0.100000
v -0.983151 0.295461 -0.100000
v -0.974709 0.251185 -0.100000
v -0.960829 0.208688 -0.100000
v -0.941667 0.168481 -0.100000
v -0.917381 0.131081 -0.100000
v -0.888125 0.097000 -0.100000
v -0.854058 0.066752 -0.100000
v -0.815334 0.040852 -0.100000
v -0.772110 0.019812 -0.100000
v -0.724542 0.004148 -0.100000
v -0.672787 -0.005627 -0.100000
v -0.617000 -0.009000 -0.100000
v -0.562993 -0.005646 -0.100000
v -0.512607 0.004079 -0.100000
v -0.466047 0.019672 -0.100000
v -0.423519 0.040630 -0.100000
v -0.385226 0.066448 -0.100000
v -0.351375 0.096625 -0.100000
v -0.322170 0.130656 -0.100000
v -0.297815 0.168037 -0.100000
v -0.278516 0.208266 -0.100000
v -0.264477 0.250838 -0.100000
v -0.255903 0.295251 -0.100000
v -0.253000 0.341000 -0.100000
v -0.255981 0.387590 -0.100000
v -0.264764 0.432551 -0.100000
v -0.279109 0.475422 -0.100000
v -0.298778 0.515741 -0.100000
v -0.323530 0.553046 -0.100000
v -0.353125 0.586875 -0.100000
v -0.387325 0.616767 -0.100000
v -0.425889 0.642259 -0.100000
v -0.468578 0.662891 -0.100000
v -0.515153 0.678199 -0.100000
v -0.565373 0.687723 -0.100000
v -0.619000 0.691000 -0.100000
v -0.656375 0.083270 -0.100000
v -0.691829 0.089912 -0.100000
v -0.725110 0.100672 -0.100000
v -0.755963 0.115296 -0.100000
v -0.784136 0.133532 -0.100000
v -0.809375 0.155125 -0.100000
v -0.831427 0.179822 -0.100000
v -0.850037 0.207370 -0.100000
v -0.864953 0.237516 -0.100000
v -0.875921 0.270005 -0.100000
v -0.882688 0.304584 -0.100000
v -0.885000 0.341000 -0.100000
v -0.882688 0.377626 -0.100000
v -0.875921 0.412343 -0.100000
v -0.864953 0.444906 -0.100000
v -0.850037 0.475074 -0.100000
v -0.831427 0.502603 -0.100000
v -0.809375 0.527250 -0.100000
v -0.784136 0.548772 -0.100000
v -0.755963 0.566926 -0.100000
v -0.725110 0.581469 -0.100000
v -0.691829 0.592157 -0.100000
v -0.656375 0.598749 -0.100000
v -0.619000 0.601000 -0.100000
v -0.581856 0.598749 -0.100000
v -0.546593 0.592157 -0.100000
v -0.513469 0.581469 -0.100000
v -0.482741 0.566926 -0.100000
v -0.454666 0.548772 -0.100000
v -0.429500 0.527250 -0.100000
v -0.407501 0.502603 -0.100000
v -0.388926 0.475074 -0.100000
v -0.374031 0.444906 -0.100000
v -0.363074 0.412343 -0.100000
v -0.356312 0.377626 -0.100000
v -0.354000 0.341000 -0.100000
v -0.356312 0.304584 -0.100000
v -0.363074 0.270005 -0.100000
v -0.374031 0.237516 -0.100000
v -0.388926 0.207370 -0.100000
v -0.407501 0.179822 -0.100000
v -0.429500 0.155125 -0.100000
v -0.454666 0.133532 -0.100000
v -0.482741 0.115296 -0.100000
v -0.513469 0.100672 -0.100000
v -0.546593 0.089912 -0.100000
v -0.581856 0.083270 -0.100000
v -0.619000 0.081000 -0.100000
v 0.113603 0.680495 -0.100000
v 0.082491 0.676046 -0.100000
v 0.053781 0.668750 -0.100000
v 0.027593 0.658704 -0.100000
v 0.004043 0.646005 -0.100000
v -0.016750 0.630750 -0.100000
v -0.034668 0.613037 -0.100000
v -0.049593 0.592963 -0.100000
v -0.061406 0.570625 -0.100000
v -0.069991 0.546120 -0.100000
v -0.075228 0.519546 -0.100000
v -0.077000 0.491000 -0.100000
v -0.076151 0.471673 -0.100000
v -0.073625 0.453213 -0.100000
v -0.069453 0.435656 -0.100000
v -0.063667 0.419037 -0.100000
v -0.056297 0.403390 -0.100000
v -0.047375 0.388750 -0.100000
v -0.036932 0.375152 -0.100000
v -0.025000 0.362630 -0.100000
v -0.011609 0.351219 -0.100000
v 0.003208 0.340954 -0.100000
v 0.019422 0.331869 -0.100000
v 0.037000 0.324000 -0.100000
v 0.021978 0.313292 -0.100000
v 0.007824 0.301667 -0.100000
v -0.005594 0.289125 -0.100000
v -0.018407 0.275667 -0.100000
v -0.030749 0.261292 -0.100000
v -0.042750 0.246000 -0.100000
v -0.054543 0.229792 -0.100000
v -0.066259 0.212667 -0.100000
v -0.078031 0.194625 -0.100000
v -0.089991 0.175667 -0.100000
v -0.102270 0.155792 -0.100000
v -0.115000 0.135000 -0.100000
v -0.122024 0.123712 -0.100000
v -0.128694 0.113194 -0.100000
v -0.135156 0.103219 -0.100000
v -0.141556 0.093556 -0.100000
v -0.148038 0.083976 -0.100000
v -0.154750 0.074250 -0.100000
v -0.161837 0.064149 -0.100000
v -0.169445 0.053444 -0.100000
v -0.177719 0.041906 -0.100000
v -0.186806 0.029306 -0.100000
v -0.196851 0.015413 -0.100000
v -0.208000 -0.000000 -0.100000
v -0.091000 -0.000000 -0.100000
v -0.001000 0.140000 -0.100000
v 0.020513 0.172479 -0.100000
v 0.040185 0.200167 -0.100000
v 0.058219 0.223437 -0.100000
v 0.074815 0.242667 -0.100000
v 0.090175 0.258229 -0.100000
v 0.104500 0.270500 -0.100000
v 0.117992 0.279854 -0.100000
v 0.130852 0.286667 -0.100000
v 0.143281 0.291313 -0.100000
v 0.155481 0.294167 -0.100000
v 0.167654 0.295604 -0.100000
v 0.180000 0.296000 -0.100000
v 0.221000 0.296000 -0.100000
v 0.221000 -0.000000 -0.100000
v 0.319000 -0.000000 -0.100000
v 0.319000 0.682000 -0.100000
v 0.147000 0.682000 -0.100000
v 0.158000 0.384000 -0.100000
v 0.133287 0.385095 -0.100000
v 0.111546 0.388264 -0.100000
v 0.092625 0.393328 -0.100000
v 0.076370 0.400111 -0.100000
v 0.062629 0.408436 -0.100000
v 0.051250 0.418125 -0.100000
v 0.042078 0.429002 -0.100000
v 0.034963 0.440889 -0.100000
v 0.029750 0.453609 -0.100000
v 0.026287 0.466986 -0.100000
v 0.024421 0.480842 -0.100000
v 0.024000 0.495000 -0.100000
v 0.025032 0.510471 -0.100000
v 0.027676 0.524852 -0.100000
v 0.032000 0.538094 -0.100000
v 0.038074 0.550148 -0.100000
v 0.045967 0.560966 -0.100000
v 0.055750 0.570500 -0.100000
v 0.067491 0.578700 -0.100000
v 0.081259 0.585519 -0.100000
v 0.097125 0.590906 -0.100000
v 0.115157 0.594815 -0.100000
v 0.135426 0.597196 -0.100000
v 0.158000 0.598000 -0.100000
v 0.221000 0.598000 -0.100000
v 0.221000 0.384000 -0.100000
v 0.717603 0.680495 -0.100000
v 0.686491 0.676046 -0.100000
v 0.657781 0.668750 -0.100000
v 0.631593 0.658704 -0.100000
v 0.608043 0.646005 -0.100000
v 0.587250 0.630750 -0.100000
v 0.569332 0.613037 -0.100000
v 0.554407 0.592963 -0.100000
v 0.542594 0.570625 -0.100000
v 0.534009 0.546120 -0.100000
v 0.528772 0.519546 -0.100000
v 0.527000 0.491000 -0.100000
v 0.527849 0.471673 -0.100000
v 0.530375 0.453213 -0.100000
v 0.534547 0.435656 -0.100000
v 0.540333 0.419037 -0.100000
v 0.547703 0.403390 -0.100000
v 0.556625 0.388750 -0.100000
v 0.567068 0.375152 -0.100000
v 0.579000 0.362630 -0.100000
v 0.592391 0.351219 -0.100000
v 0.607208 0.340954 -0.100000
v 0.623422 0.331869 -0.100000
v 0.641000 0.324000 -0.100000
v 0.625978 0.313292 -0.100000
v 0.611824 0.301667 -0.100000
v 0.598406 0.289125 -0.100000
v 0.585593 0.275667 -0.100000
v 0.573251 0.261292 -0.100000
v 0.561250 0.246000 -0.100000
v 0.549457 0.229792 -0.100000
v 0.537741 0.212667 -0.100000
v 0.525969 0.194625 -0.100000
v 0.514009 0.175667 -0.100000
v 0.501730 0.155792 -0.100000
v 0.489000 0.135000 -0.100000
v 0.481976 0.123712 -0.100000
v 0.475306 0.113194 -0.100000
v 0.468844 0.103219 -0.100000
v 0.462445 0.093556 -0.100000
v 0.455962 0.083976 -0.100000
v 0.449250 0.074250 -0.100000
v 0.442163 0.064149 -0.100000
v 0.434556 0.053444 -0.100000
v 0.426281 0.041906 -0.100000
v 0.417194 0.029306 -0.100000
v 0.407149 0.015413 -0.100000
v 0.396000 -0.000000 -0.100000
v 0.513000 -0.000000 -0.100000
v 0.603000 0.140000 -0.100000
v 0.624513 0.172479 -0.100000
v 0.644185 0.200167 -0.100000
v 0.662219 0.223437 -0.100000
v 0.678815 0.242667 -0.100000
v 0.694175 0.258229 -0.100000
v 0.708500 0.270500 -0.100000
v 0.721992 0.279854 -0.100000
v 0.734852 0.286667 -0.100000
v 0.747281 0.291313 -0.100000
v 0.759481 0.294167 -0.100000
v 0.771654 0.295604 -0.100000
v 0.784000 0.296000 -0.100000
v 0.825000 0.296000 -0.100000
v 0.825000 -0.000000 -0.100000
v 0.923000 -0.000000 -0.100000
v 0.923000 0.682000 -0.100000
v 0.751000 0.682000 -0.100000
v 0.762000 0.384000 -0.100000
v 0.737287 0.385095 -0.100000
v 0.715546 0.388264 -0.100000
v 0.696625 0.393328 -0.100000
v 0.680370 0.400111 -0.100000
v 0.666630 0.408436 -0.100000
v 0.655250 0.418125 -0.100000
v 0.646079 0.429002 -0.100000
v 0.638963 0.440889 -0.100000
v 0.633750 0.453609 -0.100000
v 0.630287 0.466986 -0.100000
v 0.628421 0.480842 -0.100000
v 0.628000 0.495000 -0.100000
v 0.629032 0.510471 -0.100000
v 0.631676 0.524852 -0.100000
v 0.636000 0.538094 -0.100000
v 0.642074 0.550148 -0.100000
v 0.649968 0.560966 -0.100000
v 0.659750 0.570500 -0.100000
v 0.671491 0.578700 -0.100000
v 0.685259 0.585519 -0.100000
v 0.701125 0.590906 -0.100000
v 0.719157 0.594815 -0.100000
v 0.739426 0.597196 -0.100000
v 0.762000 0.598000 -0.100000
v 0.825000 0.598000 -0.100000
v 0.825000 0.384000 -0.100000
v 1.327000 0.594000 -0.100000
v 1.327000 0.388000 -0.100000
v 1.048000 0.388000 -0.100000
v 1.048000 0.300000 -0.100000
v 1.327000 0.300000 -0.100000
v 1.327000 0.088000 -0.100000
v 1.029000 0.088000 -0.100000
v 1.029000 -0.000000 -0.100000
v 1.425000 -0.000000 -0.100000
v 1.425000 0.682000 -0.100000
v 1.038000 0.682000 -0.100000
v 1.038000 0.594000 -0.100000
v -1.313397 0.680495 0.100000
v -1.344510 0.676046 0.100000
v -1.373219 0.668750 0.100000
v -1.399408 0.658704 0.100000
v -1.422957 0.646005 0.100000
v -1.443750 0.630750 0.100000
v -1.461668 0.613037 0.100000
v -1.476593 0.592963 0.100000
v -1.488406 0.570625 0.100000
v -1.496991 0.546120 0.100000
v -1.502228 0.519546 0.100000
v -1.504000 0.491000 0.100000
v -1.503151 0.471673 0.100000
v -1.500625 0.453213 0.100000
v -1.496453 0.435656 0.100000
v -1.490667 0.419037 0.100000
v -1.483297 0.403390 0.100000
v -1.474375 0.388750 0.100000
v -1.463933 0.375152 0.100000
v -1.452000 0.362630 0.100000
v -1.438610 0.351219 0.100000
v -1.423792 0.340954 0.100000
v -1.407578 0.331869 0.100000
v -1.390000 0.324000 0.100000
v -1.405022 0.313292 0.100000
v -1.419176 0.301667 0.100000
v -1.432594 0.289125 0.100000
v -1.445407 0.275667 0.100000
v -1.457749 0.261292 0.100000
v -1.469750 0.246000 0.100000
v -1.481543 0.229792 0.100000
v -1.493259 0.212667 0.100000
v -1.505031 0.194625 0.100000
v -1.516991 0.175667 0.100000
v -1.529270 0.155792 0.100000
v -1.542000 0.135000 0.100000
v -1.549025 0.123712 0.100000
v -1.555695 0.113194 0.100000
v -1.562156 0.103219 0.100000
v -1.568556 0.093556 0.100000
v -1.575038 0.083976 0.100000
v -1.581750 0.074250 0.100000
v -1.588837 0.064149 0.100000
v -1.596445 0.053444 0.100000
v -1.604719 0.041906 0.100000
v -1.613806 0.029306 0.100000
v -1.623851 0.015413 0.100000
v -1.635000 0.000000 0.100000
v -1.518000 0.000000 0.100000
v -1.428000 0.140000 0.100000
v -1.406487 0.172479 0.100000
v -1.386815 0.200167 0.100000
v -1.368781 0.223437 0.100000
v -1.352185 0.242667 0.100000
v -1.336825 0.258229 0.100000
v -1.322500 0.270500 0.100000
v -1.309008 0.279854 0.100000
v -1.296148 0.286667 0.100000
v -1.283719 0.291313 0.100000
v -1.271519 0.294167 0.100000
v -1.259346 0.295604 0.100000
v -1.247000 0.296000 0.100000
v -1.206000 0.296000 0.100000
v -1.206000 0.000000 0.100000
v -1.108000 0.000000 0.100000
v -1.108000 0.682000 0.100000
v -1.280000 0.682000 0.100000
v -1.269000 0.384000 0.100000
v -1.293713 0.385095 0.100000
v -1.315454 0.388264 0.100000
v -1.334375 0.393328 0.100000
v -1.350630 0.400111 0.100000
v -1.364370 0.408436 0.100000
v -1.375750 0.418125 0.100000
v -1.384921 0.429002 0.100000
v -1.392037 0.440889 0.100000
v -1.397250 0.453609 0.100000
v -1.400713 0.466986 0.100000
v -1.402579 0.480842 0.100000
v -1.403000 0.495000 0.100000
v -1.401968 0.510471 0.100000
v -1.399324 0.524852 0.100000
v -1.395000 0.538094 0.100000
v -1.388926 0.550148 0.100000
v -1.381032 0.560966 0.100000
v -1.371250 0.570500 0.100000
v -1.359509 0.578700 0.100000
v -1.345741 0.585519 0.100000
v -1.329875 0.590906 0.100000
v -1.311843 0.594815 0.100000
v -1.291574 0.597196 0.100000
v -1.269000 0.598000 0.100000
v -1.206000 0.598000 0.100000
v -1.206000 0.384000 0.100000
v -0.673487 0.687742 0.100000
v -0.724310 0.678269 0.100000
v -0.771266 0.663031 0.100000
v -0.814148 0.642482 0.100000
v -0.852753 0.617071 0.100000
v -0.886875 0.587250 0.100000
v -0.916310 0.553471 0.100000
v -0.940852 0.516185 0.100000
v -0.960297 0.475844 0.100000
v -0.974440 0.432898 0.100000
v -0.983076 0.387800 0.100000
v -0.986000 0.341000 0.100000
v -0.983151 0.295461 0.100000
v -0.974709 0.251185 0.100000
v -0.960829 0.208688 0.100000
v -0.941667 0.168481 0.100000
v -0.917381 0.131081 0.100000
v -0.888125 0.097000 0.100000
v -0.854058 0.066752 0.100000
v -0.815334 0.040852 0.100000
v -0.772110 0.019813 0.100000
v -0.724542 0.004148 0.100000
v -0.672787 -0.005627 0.100000
v -0.617000 -0.009000 0.100000
v -0.562993 -0.005646 0.100000
v -0.512607 0.004079 0.100000
v -0.466047 0.019672 0.100000
v -0.423519 0.040630 0.100000
v -0.385226 0.066449 0.100000
v -0.351375 0.096625 0.100000
v -0.322170 0.130656 0.100000
v -0.297815 0.168037 0.100000
v -0.278516 0.208266 0.100000
v -0.264477 0.250838 0.100000
v -0.255903 0.295251 0.100000
v -0.253000 0.341000 0.100000
v -0.255981 0.387590 0.100000
v -0.264764 0.432551 0.100000
v -0.279109 0.475422 0.100000
v -0.298778 0.515741 0.100000
v -0.323530 0.553046 0.100000
v -0.353125 0.586875 0.100000
v -0.387325 0.616767 0.100000
v -0.425889 0.642259 0.100000
v -0.468578 0.662891 0.100000
v -0.515153 0.678199 0.100000
v -0.565373 0.687723 0.100000
v -0.619000 0.691000 0.100000
v -0.656375 0.083270 0.100000
v -0.691829 0.089912 0.100000
v -0.725110 0.100672 0.100000
v -0.755963 0.115296 0.100000
v -0.784136 0.133532 0.100000
v -0.809375 0.155125 0.100000
v -0.831427 0.179822 0.100000
v -0.850037 0.207370 0.100000
v -0.864953 0.237516 0.100000
v -0.875921 0.270005 0.100000
v -0.882688 0.304584 0.100000
v -0.885000 0.341000 0.100000
v -0.882688 0.377626 0.100000
v -0.875921 0.412343 0.100000
v -0.864953 0.444906 0.100000
v -0.850037 0.475074 0.100000
v -0.831427 0.502603 0.100000
v -0.809375 0.527250 0.100000
v -0.784136 0.548772 0.100000
v -0.755963 0.566926 0.100000
v -0.725110 0.581469 0.100000
v -0.691829 0.592157 0.100000
v -0.656375 0.598749 0.100000
v -0.619000 0.601000 0.100000
v -0.581856 0.598749 0.100000
v -0.546593 0.592157 0.100000
v -0.513469 0.581469 0.100000
v -0.482741 0.566926 0.100000
v -0.454666 0.548772 0.100000
v -0.429500 0.527250 0.100000
v -0.407501 0.502603 0.100000
v -0.388926 0.475074 0.100000
v -0.374031 0.444906 0.100000
v -0.363074 0.412343 0.100000
v -0.356312 0.377626 0.100000
v -0.354000 0.341000 0.100000
v -0.356312 0.304584 0.100000
v -0.363074 0.270005 0.100000
v -0.374031 0.237516 0.100000
v -0.388926 0.207370 0.100000
v -0.407501 0.179822 0.100000
v -0.429500 0.155125 0.100000
v -0.454666 0.133532 0.100000
v -0.482741 0.115296 0.100000
v -0.513469 0.100672 0.100000
v -0.546593 0.089912 0.100000
v -0.581856 0.083270 0.100000
v -0.619000 0.081000 0.100000
v 0.113603 0.680495 0.100000
v 0.082491 0.676046 0.100000
v 0.053781 0.668750 0.100000
v 0.027593 0.658704 0.100000
v 0.004043 0.646005 0.100000
v -0.016750 0.630750 0.100000
v -0.034668 0.613037 0.100000
v -0.049593 0.592963 0.100000
v -0.061406 0.570625 0.100000
v -0.069991 0.546120 0.100000
v -0.075228 0.519546 0.100000
v -0.077000 0.491000 0.100000
v -0.076151 0.471673 0.100000
v -0.073625 0.453213 0.100000
v -0.069453 0.435656 0.100000
v -0.063667 0.419037 0.100000
v -0.056297 0.403390 0.100000
v -0.047375 0.388750 0.100000
v -0.036932 0.375152 0.100000
v -0.025000 0.362630 0.100000
v -0.011609 0.351219 0.100000
v 0.003208 0.340954 0.100000
v 0.019422 0.331869 0.100000
v 0.037000 0.324000 0.100000
v 0.021978 0.313292 0.100000
v 0.007824 0.301667 0.100000
v -0.005594 0.289125 0.100000
v -0.018407 0.275667 0.100000
v -0.030749 0.261292 0.100000
v -0.042750 0.246000 0.100000
v -0.054543 0.229792 0.100000
v -0.066259 0.212667 0.100000
v -0.078031 0.194625 0.100000
v -0.089991 0.175667 0.100000
v -0.102270 0.155792 0.100000
v -0.115000 0.135000 0.100000
v -0.122024 0.123712 0.100000
v -0.128694 0.113194 0.100000
v -0.135156 0.103219 0.100000
v -0.141556 0.093556 0.100000
v -0.148038 0.083976 0.100000
v -0.154750 0.074250 0.100000
v -0.161837 0.064149 0.100000
v -0.169445 0.053444 0.100000
v -0.177719 0.041906 0.100000
v -0.186806 0.029306 0.100000
v -0.196851 0.015413 0.100000
v -0.208000 0.000000 0.100000
v -0.091000 0.000000 0.100000
v -0.001000 0.140000 0.100000
v 0.020513 0.172479 0.100000
v 0.040185 0.200167 0.100000
v 0.058219 0.223437 0.100000
v 0.074815 0.242667 0.100000
v 0.090175 0.258229 0.100000
v 0.104500 0.270500 0.100000
v 0.117992 0.279854 0.100000
v 0.130852 0.286667 0.100000
v 0.143281 0.291313 0.100000
v 0.155481 0.294167 0.100000
v 0.167654 0.295604 0.100000
v 0.180000 0.296000 0.100000
v 0.221000 0.296000 0.100000
v 0.221000 0.000000 0.100000
v 0.319000 0.000000 0.100000
v 0.319000 0.682000 0.100000
v 0.147000 0.682000 0.100000
v 0.158000 0.384000 0.100000
v 0.133287 0.385095 0.100000
v 0.111546 0.388264 0.100000
v 0.092625 0.393328 0.100000
v 0.076370 0.400111 0.100000
v 0.062629 0.408436 0.100000
v 0.051250 0.418125 0.100000
v 0.042078 0.429002 0.100000
v 0.034963 0.440889 0.100000
v 0.029750 0.453609 0.100000
v 0.026287 0.466986 0.100000
v 0.024421 0.480842 0.100000
v 0.024000 0.495000 0.100000
v 0.025032 0.510471 0.100000
v 0.027676 0.524852 0.100000
v 0.032000 0.538094 0.100000
v 0.038074 0.550148 0.100000
v 0.045967 0.560966 0.100000
v 0.055750 0.570500 0.100000
v 0.067491 0.578700 0.100000
v 0.081259 0.585519 0.100000
v 0.097125 0.590906 0.100000
v 0.115157 0.594815 0.100000
v 0.135426 0.597196 0.100000
v 0.158000 0.598000 0.100000
v 0.221000 0.598000 0.100000
v 0.221000 0.384000 0.100000
v 0.717603 0.680495 0.100000
v 0.686491 0.676046 0.100000
v 0.657781 0.668750 0.100000
v 0.631593 0.658704 0.100000
v 0.608043 0.646005 0.100000
v 0.587250 0.630750 0.100000
v 0.569332 0.613037 0.100000
v 0.554407 0.592963 0.100000
v 0.542594 0.570625 0.100000
v 0.534009 0.546120 0.100000
v 0.528772 0.519546 0.100000
v 0.527000 0.491000 0.100000
v 0.527849 0.471673 0.100000
v 0.530375 0.453213 0.100000
v 0.534547 0.435656 0.100000
v 0.540333 0.419037 0.100000
v 0.547703 0.403390 0.100000
v 0.556625 0.388750 0.100000
v 0.567068 0.375152 0.100000
v 0.579000 0.362630 0.100000
v 0.592391 0.351219 0.100000
v 0.607208 0.340954 0.100000
v 0.623422 0.331869 0.100000
v 0.641000 0.324000 0.100000
v 0.625978 0.313292 0.100000
v 0.611824 0.301667 0.100000
v 0.598406 0.289125 0.100000
v 0.585593 0.275667 0.100000
v 0.573251 0.261292 0.100000
v 0.561250 0.246000 0.100000
v 0.549457 0.229792 0.100000
v 0.537741 0.212667 0.100000
v 0.525969 0.194625 0.100000
v 0.514009 0.175667 0.100000
v 0.501730 0.155792 0.100000
v 0.489000 0.135000 0.100000
v 0.481976 0.123712 0.100000
v 0.475306 0.113194 0.100000
v 0.468844 0.103219 0.100000
v 0.462445 0.093556 0.100000
v 0.455962 0.083976 0.100000
v 0.449250 0.074250 0.100000
v 0.442163 0.064149 0.100000
v 0.434556 0.053444 0.100000
v 0.426281 0.041906 0.100000
v 0.417194 0.029306 0.100000
v 0.407149 0.015413 0.100000
v 0.396000 0.000000 0.100000
v 0.513000 0.000000 0.100000
v 0.603000 0.140000 0.100000
v 0.624513 0.172479 0.100000
v 0.644185 0.200167 0.100000
v 0.662219 0.223437 0.100000
v 0.678815 0.242667 0.100000
v 0.694175 0.258229 0.100000
v 0.708500 0.270500 0.100000
v 0.721992 0.279854 0.100000
v 0.734852 0.286667 0.100000
v 0.747281 0.291313 0.100000
v 0.759481 0.294167 0.100000
v 0.771654 0.295604 0.100000
v 0.784000 0.296000 0.100000
v 0.825000 0.296000 0.100000
v 0.825000 0.000000 0.100000
v 0.923000 0.000000 0.100000
v 0.923000 0.682000 0.100000
v 0.751000 0.682000 0.100000
v 0.762000 0.384000 0.100000
v 0.737287 0.385095 0.100000
v 0.715546 0.388264 0.100000
v 0.696625 0.393328 0.100000
v 0.680370 0.400111 0.100000
v 0.666630 0.408436 0.100000
v 0.655250 0.418125 0.100000
v 0.646079 0.429002 0.100000
v 0.638963 0.440889 0.100000
v 0.633750 0.453609 0.100000
v 0.630287 0.466986 0.100000
v 0.628421 0.480842 0.100000
v 0.628000 0.495000 0.100000
v 0.629032 0.510471 0.100000
v 0.631676 0.524852 0.100000
v 0.636000 0.538094 0.100000
v 0.642074 0.550148 0.100000
v 0.649968 0.560966 0.100000
v 0.659750 0.570500 0.100000
v 0.671491 0.578700 0.100000
v 0.685259 0.585519 0.100000
v 0.701125 0.590906 0.100000
v 0.719157 0.594815 0.100000
v 0.739426 0.597196 0.100000
v 0.762000 0.598000 0.100000
v 0.825000 0.598000 0.100000
v 0.825000 0.384000 0.100000
v 1.327000 0.594000 0.100000
v 1.327000 0.388000 0.100000
v 1.048000 0.388000 0.100000
v 1.048000 0.300000 0.100000
v 1.327000 0.300000 0.100000
v 1.327000 0.088000 0.100000
v 1.029000 0.088000 0.100000
v 1.029000 0.000000 0.100000
v 1.425000 0.000000 0.100000
v 1.425000 0.682000 0.100000
v 1.038000 0.682000 0.100000
v 1.038000 0.594000 0.100000
v 1.327000 0.594000 0.100000
v 1.327000 0.594000 -0.100000
v 1.327000 0.388000 0.100000
v 1.327000 0.388000 -0.100000
v 1.048000 0.388000 0.100000
v 1.048000 0.388000 -0.100000
v 1.048000 0.300000 0.100000
v 1.048000 0.300000 -0.100000
v 1.327000 0.300000 0.100000
v 1.327000 0.300000 -0.100000
v 1.327000 0.088000 0.100000
v 1.327000 0.088000 -0.100000
v 1.029000 0.088000 0.100000
v 1.029000 0.088000 -0.100000
v 1.029000 0.000000 0.100000
v 1.029000 -0.000000 -0.100000
v 1.425000 0.000000 0.100000
v 1.425000 -0.000000 -0.100000
v 1.425000 0.682000 0.100000
v 1.425000 0.682000 -0.100000
v 1.038000 0.682000 0.100000
v 1.038000 0.682000 -0.100000
v 1.038000 0.594000 0.100000
v 1.038000 0.594000 -0.100000
v 0.717603 0.680495 0.100000
v 0.717603 0.680495 -0.100000
v 0.686491 0.676046 0.100000
v 0.686491 0.676046 -0.100000
v 0.657781 0.668750 0.100000
v 0.657781 0.668750 -0.100000
v 0.631593 0.658704 0.100000
v 0.631593 0.658704 -0.100000
v 0.608043 0.646005 0.100000
v 0.608043 0.646005 -0.100000
v 0.587250 0.630750 0.100000
v 0.587250 0.630750 -0.100000
v 0.569332 0.613037 0.100000
v 0.569332 0.613037 -0.100000
v 0.554407 0.592963 0.100000
v 0.554407 0.592963 -0.100000
v 0.542594 0.570625 0.100000
v 0.542594 0.570625 -0.100000
v 0.534009 0.546120 0.100000
v 0.534009 0.546120 -0.100000
v 0.528772 0.519546 0.100000
v 0.528772 0.519546 -0.100000
v 0.527000 0.491000 0.100000
v 0.527000 0.491000 -0.100000
v 0.527849 0.471673 0.100000
v 0.527849 0.471673 -0.100000
v 0.530375 0.453213 0.100000
v 0.530375 0.453213 -0.100000
v 0.534547 0.435656 0.100000
v 0.534547 0.435656 -0.100000
v 0.540333 0.419037 0.100000
v 0.540333 0.419037 -0.100000
v 0.547703 0.403390 0.100000
v 0.547703 0.403390 -0.100000
v 0.556625 0.388750 0.100000
v 0.556625 0.388750 -0.100000
v 0.567068 0.375152 0.100000
v 0.567068 0.375152 -0.100000
v 0.579000 0.362630 0.100000
v 0.579000 0.362630 -0.100000
v 0.592391 0.351219 0.100000
v 0.592391 0.351219 -0.100000
v 0.607208 0.340954 0.100000
v 0.607208 0.340954 -0.100000
v 0.623422 0.331869 0.100000
v 0.623422 0.331869 -0.100000
v 0.641000 0.324000 0.100000
v 0.641000 0.324000 -0.100000
v 0.625978 0.313292 0.100000
v 0.625978 0.313292 -0.100000
v 0.611824 0.301667 0.100000
v 0.611824 0.301667 -0.100000
v 0.598406 0.289125 0.100000
v 0.598406 0.289125 -0.100000
v 0.585593 0.275667 0.100000
v 0.585593 0.275667 -0.100000
v 0.573251 0.261292 0.100000
v 0.573251 0.261292 -0.100000
v 0.561250 0.246000 0.100000
v 0.561250 0.246000 -0.100000
v 0.549457 0.229792 0.100000
v 0.549457 0.229792 -0.100000
v 0.537741 0.212667 0.100000
v 0.537741 0.212667 -0.100000
v 0.525969 0.194625 0.100000
v 0.525969 0.194625 -0.100000
v 0.514009 0.175667 0.100000
v 0.514009 0.175667 -0.100000
v 0.501730 0.155792 0.100000
v 0.501730 0.155792 -0.100000
v 0.489000 0.135000 0.100000
v 0.489000 0.135000 -0.100000
v 0.481976 0.123712 0.100000
v 0.481976 0.123712 -0.100000
v 0.475306 0.113194 0.100000
v 0.475306 0.113194 -0.100000
v 0.468844 0.103219 0.100000
v 0.468844 0.103219 -0.100000
v 0.462445 0.093556 0.100000
v 0.462445 0.093556 -0.100000
v 0.455962 0.083976 0.100000
v 0.455962 0.083976 -0.100000
v 0.449250 0.074250 0.100000
v 0.449250 0.074250 -0.100000
v 0.442163 0.064149 0.100000
v 0.442163 0.064149 -0.100000
v 0.434556 0.053444 0.100000
v 0.434556 0.053444 -0.100000
v 0.426281 0.041906 0.100000
v 0.426281 0.041906 -0.100000
v 0.417194 0.029306 0.100000
v 0.417194 0.029306 -0.100000
v 0.407149 0.015413 0.100000
v 0.407149 0.015413 -0.100000
v 0.396000 0.000000 0.100000
v 0.396000 -0.000000 -0.100000
v 0.513000 0.000000 0.100000
v 0.513000 -0.000000 -0.100000
v 0.603000 0.140000 0.100000
v 0.603000 0.140000 -0.100000
v 0.624513 0.172479 0.100000
v 0.624513 0.172479 -0.100000
v 0.644185 0.200167 0.100000
v 0.644185 0.200167 -0.100000
v 0.662219 0.223437 0.100000
v 0.662219 0.223437 -0.100000
v 0.678815 0.242667 0.100000
v 0.678815 0.242667 -0.100000
v 0.694175 0.258229 0.100000
v 0.694175 0.258229 -0.100000
v 0.708500 0.270500 0.100000
v 0.708500 0.270500 -0.100000
v 0.721992 0.279854 0.100000
v 0.721992 0.279854 -0.100000
v 0.734852 0.286667 0.100000
v 0.734852 0.286667 -0.100000
v 0.747281 0.291313 0.100000
v 0.747281 0.291313 -0.100000
v 0.759481 0.294167 0.100000
v 0.759481 0.294167 -0.100000
v 0.771654 0.295604 0.100000
v 0.771654 0.295604 -0.100000
v 0.784000 0.296000 0.100000
v 0.784000 0.296000 -0.100000
v 0.825000 0.296000 0.100000
v 0.825000 0.296000 -0.100000
v 0.825000 0.000000 0.100000
v 0.825000 -0.000000 -0.100000
v 0.923000 0.000000 0.100000
v 0.923000 -0.000000 -0.100000
v 0.923000 0.682000 0.100000
v 0.923000 0.682000 -0.100000
v 0.751000 0.682000 0.100000
v 0.751000 0.682000 -0.100000
v 0.762000 0.384000 0.100000
v 0.762000 0.384000 -0.100000
v 0.737287 0.385095 0.100000
v 0.737287 0.385095 -0.100000
v 0.715546 0.388264 0.100000
v 0.715546 0.388264 -0.100000
v 0.696625 0.393328 0.100000
v 0.696625 0.393328 -0.100000
v 0.680370 0.400111 0.100000
v 0.680370 0.400111 -0.100000
v 0.666630 0.408436 0.100000
v 0.666630 0.408436 -0.100000
v 0.655250 0.418125 0.100000
v 0.655250 0.418125 -0.100000
v 0.646079 0.429002 0.100000
v 0.646079 0.429002 -0.100000
v 0.638963 0.440889 0.100000
v 0.638963 0.440889 -0.100000
v 0.633750 0.453609 0.100000
v 0.633750 0.453609 -0.100000
v 0.630287 0.466986 0.100000
v 0.630287 0.466986 -0.100000
v 0.628421 0.480842 0.100000
v 0.628421 0.480842 -0.100000
v 0.628000 0.495000 0.100000
v 0.628000 0.495000 -0.100000
v 0.629032 0.510471 0.100000
v 0.629032 0.510471 -0.100000
v 0.631676 0.524852 0.100000
v 0.631676 0.524852 -0.100000
v 0.636000 0.538094 0.100000
v 0.636000 0.538094 -0.100000
v 0.642074 0.550148 0.100000
v 0.642074 0.550148 -0.100000
v 0.649968 0.560966 0.100000
v 0.649968 0.560966 -0.100000
v 0.659750 0.570500 0.100000
v 0.659750 0.570500 -0.100000
v 0.671491 0.578700 0.100000
v 0.671491 0.578700 -0.100000
v 0.685259 0.585519 0.100000
v 0.685259 0.585519 -0.100000
v 0.701125 0.590906 0.100000
v 0.701125 0.590906 -0.100000
v 0.719157 0.594815 0.100000
v 0.719157 0.594815 -0.100000
v 0.739426 0.597196 0.100000
v 0.739426 0.597196 -0.100000
v 0.762000 0.598000 0.100000
v 0.762000 0.598000 -0.100000
v 0.825000 0.598000 0.100000
v 0.825000 0.598000 -0.100000
v 0.825000 0.384000 0.100000
v 0.825000 0.384000 -0.100000
v 0.113603 0.680495 0.100000
v 0.113603 0.680495 -0.100000
v 0.082491 0.676046 0.100000
v 0.082491 0.676046 -0.100000
v 0.053781 0.668750 0.100000
v 0.053781 0.668750 -0.100000
v 0.027593 0.658704 0.100000
v 0.027593 0.658704 -0.100000
v 0.004043 0.646005 0.100000
v 0.004043 0.646005 -0.100000
v -0.016750 0.630750 0.100000
v -0.016750 0.630750 -0.100000
v -0.034668 0.613037 0.100000
v -0.034668 0.613037 -0.100000
v -0.049593 0.592963 0.100000
v -0.049593 0.592963 -0.100000
v -0.061406 0.570625 0.100000
v -0.061406 0.570625 -0.100000
v -0.069991 0.546120 0.100000
v -0.069991 0.546120 -0.100000
v -0.075228 0.519546 0.100000
v -0.075228 0.519546 -0.100000
v -0.077000 0.491000 0.100000
v -0.077000 0.491000 -0.100000
v -0.076151 0.471673 0.100000
v -0.076151 0.471673 -0.100000
v -0.073625 0.453213 0.100000
v -0.073625 0.453213 -0.100000
v -0.069453 0.435656 0.100000
v -0.069453 0.435656 -0.100000
v -0.063667 0.419037 0.100000
v -0.063667 0.419037 -0.100000
v -0.056297 0.403390 0.100000
v -0.056297 0.403390 -0.100000
v -0.047375 0.388750 0.100000
v -0.047375 0.388750 -0.100000
v -0.036932 0.375152 0.100000
v -0.036932 0.375152 -0.100000
v -0.025000 0.362630 0.100000
v -0.025000 0.362630 -0.100000
v -0.011609 0.351219 0.100000
v -0.011609 0.351219 -0.100000
v 0.003208 0.340954 0.100000
v 0.003208 0.340954 -0.100000
v 0.019422 0.331869 0.100000
v 0.019422 0.331869 -0.100000
v 0.037000 0.324000 0.100000
v 0.037000 0.324000 -0.100000
v 0.021978 0.313292 0.100000
v 0.021978 0.313292 -0.100000
v 0.007824 0.301667 0.100000
v 0.007824 0.301667 -0.100000
v -0.005594 0.289125 0.100000
v -0.005594 0.289125 -0.100000
v -0.018407 0.275667 0.100000
v -0.018407 0.275667 -0.100000
v -0.030749 0.261292 0.100000
v -0.030749 0.261292 -0.100000
v -0.042750 0.246000 0.100000
v -0.042750 0.246000 -0.100000
v -0.054543 0.229792 0.100000
v -0.054543 0.229792 -0.100000
v -0.066259 0.212667 0.100000
v -0.066259 0.212667 -0.100000
v -0.078031 0.194625 0.100000
v -0.078031 0.194625 -0.100000
v -0.089991 0.175667 0.100000
v -0.089991 0.175667 -0.100000
v -0.102270 0.155792 0.100000
v -0.102270 0.155792 -0.100000
v -0.115000 0.135000 0.100000
v -0.115000 0.135000 -0.100000
v -0.122024 0.123712 0.100000
v -0.122024 0.123712 -0.100000
v -0.128694 0.113194 0.100000
v -0.128694 0.113194 -0.100000
v -0.135156 0.103219 0.100000
v -0.135156 0.103219 -0.100000
v -0.141556 0.093556 0.100000
v -0.141556 0.093556 -0.100000
v -0.148038 0.083976 0.100000
v -0.148038 0.083976 -0.100000
v -0.154750 0.074250 0.100000
v -0.154750 0.074250 -0.100000
v -0.161837 0.064149 0.100000
v -0.161837 0.064149 -0.100000
v -0.169445 0.053444 0.100000
v -0.169445 0.053444 -0.100000
v -0.177719 0.041906 0.100000
v -0.177719 0.041906 -0.100000
v -0.186806 0.029306 0.100000
v -0.186806 0.029306 -0.100000
v -0.196851 0.015413 0.100000
v -0.196851 0.015413 -0.100000
v -0.208000 0.000000 0.100000
v -0.208000 -0.000000 -0.100000
v -0.091000 0.000000 0.100000
v -0.091000 -0.000000 -0.100000
v -0.001000 0.140000 0.100000
v -0.001000 0.140000 -0.100000
v 0.020513 0.172479 0.100000
v 0.020513 0.172479 -0.100000
v 0.040185 0.200167 0.100000
v 0.040185 0.200167 -0.100000
v 0.058219 0.223437 0.100000
v 0.058219 0.223437 -0.100000
v 0.074815 0.242667 0.100000
v 0.074815 0.242667 -0.100000
v 0.090175 0.258229 0.100000
v 0.090175 0.258229 -0.100000
v 0.104500 0.270500 0.100000
v 0.104500 0.270500 -0.100000
v 0.117992 0.279854 0.100000
v 0.117992 0.279854 -0.100000
v 0.130852 0.286667 0.100000
v 0.130852 0.286667 -0.100000
v 0.143281 0.291313 0.100000
v 0.143281 0.291313 -0.100000
v 0.155481 0.294167 0.100000
v 0.155481 0.294167 -0.100000
v 0.167654 0.295604 0.100000
v 0.167654 0.295604 -0.100000
v 0.180000 0.296000 0.100000
v 0.180000 0.296000 -0.100000
v 0.221000 0.296000 0.100000
v 0.221000 0.296000 -0.100000
v 0.221000 0.000000 0.100000
v 0.221000 -0.000000 -0.100000
v 0.319000 0.000000 0.100000
v 0.319000 -0.000000 -0.100000
v 0.319000 0.682000 0.100000
v 0.319000 0.682000 -0.100000
v 0.147000 0.682000 0.100000
v 0.147000 0.682000 -0.100000
v 0.158000 0.384000 0.100000
v 0.158000 0.384000 -0.100000
v 0.133287 0.385095 0.100000
v 0.133287 0.385095 -0.100000
v 0.111546 0.388264 0.100000
v 0.111546 0.388264 -0.100000
v 0.092625 0.393328 0.100000
v 0.092625 0.393328 -0.100000
v 0.076370 0.400111 0.100000
v 0.076370 0.400111 -0.100000
v 0.062629 0.408436 0.100000
v 0.062629 0.408436 -0.100000
v 0.051250 0.418125 0.100000
v 0.051250 0.418125 -0.100000
v 0.042078 0.429002 0.100000
v 0.042078 0.429002 -0.100000
v 0.034963 0.440889 0.100000
v 0.034963 0.440889 -0.100000
v 0.029750 0.453609 0.100000
v 0.029750 0.453609 -0.100000
v 0.026287 0.466986 0.100000
v 0.026287 0.466986 -0.100000
v 0.024421 0.480842 0.100000
v 0.024421 0.480842 -0.100000
v 0.024000 0.495000 0.100000
v 0.024000 0.495000 -0.100000
v 0.025032 0.510471 0.100000
v 0.025032 0.510471 -0.100000
v 0.027676 0.524852 0.100000
v 0.027676 0.524852 -0.100000
v 0.032000 0.538094 0.100000
v 0.032000 0.538094 -0.100000
v 0.038074 0.550148 0.100000
v 0.038074 0.550148 -0.100000
v 0.045967 0.560966 0.100000
v 0.045967 0.560966 -0.100000
v 0.055750 0.570500 0.100000
v 0.055750 0.570500 -0.100000
v 0.067491 0.578700 0.100000
v 0.067491 0.578700 -0.100000
v 0.081259 0.585519 0.100000
v 0.081259 0.585519 -0.100000
v 0.097125 0.590906 0.100000
v 0.097125 0.590906 -0.100000
v 0.115157 0.594815 0.100000
v 0.115157 0.594815 -0.100000
v 0.135426 0.597196 0.100000
v 0.135426 0.597196 -0.100000
v 0.158000 0.598000 0.100000
v 0.158000 0.598000 -0.100000
v 0.221000 0.598000 0.100000
v 0.221000 0.598000 -0.100000
v 0.221000 0.384000 0.100000
v 0.221000 0.384000 -0.100000
v -0.673487 0.687742 0.100000
v -0.673487 0.687742 -0.100000
v -0.724310 0.678269 0.100000
v -0.724310 0.678269 -0.100000
v -0.771266 0.663031 0.100000
v -0.771266 0.663031 -0.100000
v -0.814148 0.642482 0.100000
v -0.814148 0.642482 -0.100000
v -0.852753 0.617071 0.100000
v -0.852753 0.617071 -0.100000
v -0.886875 0.587250 0.100000
v -0.886875 0.587250 -0.100000
v -0.916310 0.553471 0.100000
v -0.916310 0.553471 -0.100000
v -0.940852 0.516185 0.100000
v -0.940852 0.516185 -0.100000
v -0.960297 0.475844 0.100000
v -0.960297 0.475844 -0.100000
v -0.974440 0.432898 0.100000
v -0.974440 0.432898 -0.100000
v -0.983076 0.387800 0.100000
v -0.983076 0.387800 -0.100000
v -0.986000 0.341000 0.100000
v -0.986000 0.341000 -0.100000
v -0.983151 0.295461 0.100000
v -0.983151 0.295461 -0.100000
v -0.974709 0.251185 0.100000
v -0.974709 0.251185 -0.100000
v -0.960829 0.208688 0.100000
v -0.960829 0.208688 -0.100000
v -0.941667 0.168481 0.100000
v -0.941667 0.168481 -0.100000
v -0.917381 0.131081 0.100000
v -0.917381 0.131081 -0.100000
v -0.888125 0.097000 0.100000
v -0.888125 0.097000 -0.100000
v -0.854058 0.066752 0.100000
v -0.854058 0.066752 -0.100000
v -0.815334 0.040852 0.100000
v -0.815334 0.040852 -0.100000
v -0.772110 0.019813 0.100000
v -0.772110 0.019812 -0.100000
v -0.724542 0.004148 0.100000
v -0.724542 0.004148 -0.100000
v -0.672787 -0.005627 0.100000
v -0.672787 -0.005627 -0.100000
v -0.617000 -0.009000 0.100000
v -0.617000 -0.009000 -0.100000
v -0.562993 -0.005646 0.100000
v -0.562993 -0.005646 -0.100000
v -0.512607 0.004079 0.100000
v -0.512607 0.004079 -0.100000
v -0.466047 0.019672 0.100000
v -0.466047 0.019672 -0.100000
v -0.423519 0.040630 0.100000
v -0.423519 0.040630 -0.100000
v -0.385226 0.066449 0.100000
v -0.385226 0.066448 -0.100000
v -0.351375 0.096625 0.100000
v -0.351375 0.096625 -0.100000
v -0.322170 0.130656 0.100000
v -0.322170 0.130656 -0.100000
v -0.297815 0.168037 0.100000
v -0.297815 0.168037 -0.100000
v -0.278516 0.208266 0.100000
v -0.278516 0.208266 -0.100000
v -0.264477 0.250838 0.100000
v -0.264477 0.250838 -0.100000
v -0.255903 0.295251 0.100000
v -0.255903 0.295251 -0.100000
v -0.253000 0.341000 0.100000
v -0.253000 0.341000 -0.100000
v -0.255981 0.387590 0.100000
v -0.255981 0.387590 -0.100000
v -0.264764 0.432551 0.100000
v -0.264764 0.432551 -0.100000
v -0.279109 0.475422 0.100000
v -0.279109 0.475422 -0.100000
v -0.298778 0.515741 0.100000
v -0.298778 0.515741 -0.100000
v -0.323530 0.553046 0.100000
v -0.323530 0.553046 -0.100000
v -0.353125 0.586875 0.100000
v -0.353125 0.586875 -0.100000
v -0.387325 0.616767 0.100000
v -0.387325 0.616767 -0.100000
v -0.425889 0.642259 0.100000
v -0.425889 0.642259 -0.100000
v -0.468578 0.662891 0.100000
v -0.468578 0.662891 -0.100000
v -0.515153 0.678199 0.100000
v -0.515153 0.678199 -0.100000
v -0.565373 0.687723 0.100000
v -0.565373 0.687723 -0.100000
v -0.619000 0.691000 0.100000
v -0.619000 0.691000 -0.100000
v -0.656375 0.083270 0.100000
v -0.656375 0.083270 -0.100000
v -0.691829 0.089912 0.100000
v -0.691829 0.089912 -0.100000
v -0.725110 0.100672 0.100000
v -0.725110 0.100672 -0.100000
v -0.755963 0.115296 0.100000
v -0.755963 0.115296 -0.100000
v -0.784136 0.133532 0.100000
v -0.784136 0.133532 -0.100000
v -0.809375 0.155125 0.100000
v -0.809375 0.155125 -0.100000
v -0.831427 0.179822 0.100000
v -0.831427 0.179822 -0.100000
v -0.850037 0.207370 0.100000
v -0.850037 0.207370 -0.100000
v -0.864953 0.237516 0.100000
v -0.864953 0.237516 -0.100000
v -0.875921 0.270005 0.100000
v -0.875921 0.270005 -0.100000
v -0.882688 0.304584 0.100000
v -0.882688 0.304584 -0.100000
v -0.885000 0.341000 0.100000
v -0.885000 0.341000 -0.100000
v -0.882688 0.377626 0.100000
v -0.882688 0.377626 -0.100000
v -0.875921 0.412343 0.100000
v -0.875921 0.412343 -0.100000
v -0.864953 0.444906 0.100000
v -0.864953 0.444906 -0.100000
v -0.850037 0.475074 0.100000
v -0.850037 0.475074 -0.100000
v -0.831427 0.502603 0.100000
v -0.831427 0.502603 -0.100000
v -0.809375 0.527250 0.100000
v -0.809375 0.527250 -0.100000
v -0.784136 0.548772 0.100000
v -0.784136 0.548772 -0.100000
v -0.755963 0.566926 0.100000
v -0.755963 0.566926 -0.100000
v -0.725110 0.581469 0.100000
v -0.725110 0.581469 -0.100000
v -0.691829 0.592157 0.100000
v -0.691829 0.592157 -0.100000
v -0.656375 0.598749 0.100000
v -0.656375 0.598749 -0.100000
v -0.619000 0.601000 0.100000
v -0.619000 0.601000 -0.100000
v -0.581856 0.598749 0.100000
v -0.581856 0.598749 -0.100000
v -0.546593 0.592157 0.100000
v -0.546593 0.592157 -0.100000
v -0.513469 0.581469 0.100000
v -0.513469 0.581469 -0.100000
v -0.482741 0.566926 0.100000
v -0.482741 0.566926 -0.100000
v -0.454666 0.548772 0.100000
v -0.454666 0.548772 -0.100000
v -0.429500 0.527250 0.100000
v -0.429500 0.527250 -0.100000
v -0.407501 0.502603 0.100000
v -0.407501 0.502603 -0.100000
v -0.388926 0.475074 0.100000
v -0.388926 0.475074 -0.100000
v -0.374031 0.444906 0.100000
v -0.374031 0.444906 -0.100000
v -0.363074 0.412343 0.100000
v -0.363074 0.412343 -0.100000
v -0.356312 0.377626 0.100000
v -0.356312 0.377626 -0.100000
v -0.354000 0.341000 0.100000
v -0.354000 0.341000 -0.100000
v -0.356312 0.304584 0.100000
v -0.356312 0.304584 -0.100000
v -0.363074 0.270005 0.100000
v -0.363074 0.270005 -0.100000
v -0.374031 0.237516 0.100000
v -0.374031 0.237516 -0.100000
v -0.388926 0.207370 0.100000
v -0.388926 0.207370 -0.100000
v -0.407501 0.179822 0.100000
v -0.407501 0.179822 -0.100000
v -0.429500 0.155125 0.100000
v -0.429500 0.155125 -0.100000
v -0.454666 0.133532 0.100000
v -0.454666 0.133532 -0.100000
v -0.482741 0.115296 0.100000
v -0.482741 0.115296 -0.100000
v -0.513469 0.100672 0.100000
v -0.513469 0.100672 -0.100000
v -0.546593 0.089912 0.100000
v -0.546593 0.089912 -0.100000
v -0.581856 0.083270 0.100000
v -0.581856 0.083270 -0.100000
v -0.619000 0.081000 0.100000
v -0.619000 0.081000 -0.100000
v -1.313397 0.680495 0.100000
v -1.313397 0.680495 -0.100000
v -1.344510 0.676046 0.100000
v -1.344510 0.676046 -0.100000
v -1.373219 0.668750 0.100000
v -1.373219 0.668750 -0.100000
v -1.399408 0.658704 0.100000
v -1.399408 0.658704 -0.100000
v -1.422957 0.646005 0.100000
v -1.422957 0.646005 -0.100000
v -1.443750 0.630750 0.100000
v -1.443750 0.630750 -0.100000
v -1.461668 0.613037 0.100000
v -1.461668 0.613037 -0.100000
v -1.476593 0.592963 0.100000
v -1.476593 0.592963 -0.100000
v -1.488406 0.570625 0.100000
v -1.488406 0.570625 -0.100000
v -1.496991 0.546120 0.100000
v -1.496991 0.546120 -0.100000
v -1.502228 0.519546 0.100000
v -1.502228 0.519546 -0.100000
v -1.504000 0.491000 0.100000
v -1.504000 0.491000 -0.100000
v -1.503151 0.471673 0.100000
v -1.503151 0.471673 -0.100000
v -1.500625 0.453213 0.100000
v -1.500625 0.453213 -0.100000
v -1.496453 0.435656 0.100000
v -1.496453 0.435656 -0.100000
v -1.490667 0.419037 0.100000
v -1.490667 0.419037 -0.100000
v -1.483297 0.403390 0.100000
v -1.483297 0.403390 -0.100000
v -1.474375 0.388750 0.100000
v -1.474375 0.388750 -0.100000
v -1.463933 0.375152 0.100000
v -1.463933 0.375152 -0.100000
v -1.452000 0.362630 0.100000
v -1.452000 0.362630 -0.100000
v -1.438610 0.351219 0.100000
v -1.438610 0.351219 -0.100000
v -1.423792 0.340954 0.100000
v -1.423792 0.340954 -0.100000
v -1.407578 0.331869 0.100000
v -1.407578 0.331869 -0.100000
v -1.390000 0.324000 0.100000
v -1.390000 0.324000 -0.100000
v -1.405022 0.313292 0.100000
v -1.405022 0.313292 -0.100000
v -1.419176 0.301667 0.100000
v -1.419176 0.301667 -0.100000
v -1.432594 0.289125 0.100000
v -1.432594 0.289125 -0.100000
v -1.445407 0.275667 0.100000
v -1.445407 0.275667 -0.100000
v -1.457749 0.261292 0.100000
v -1.457749 0.261292 -0.100000
v -1.469750 0.246000 0.100000
v -1.469750 0.246000 -0.100000
v -1.481543 0.229792 0.100000
v -1.481543 0.229792 -0.100000
v -1.493259 0.212667 0.100000
v -1.493259 0.212667 -0.100000
v -1.505031 0.194625 0.100000
v -1.505031 0.194625 -0.100000
v -1.516991 0.175667 0.100000
v -1.516991 0.175667 -0.100000
v -1.529270 0.155792 0.100000
v -1.529270 0.155792 -0.100000
v -1.542000 0.135000 0.100000
v -1.542000 0.135000 -0.100000
v -1.549025 0.123712 0.100000
v -1.549025 0.123712 -0.100000
v -1.555695 0.113194 0.100000
v -1.555695 0.113194 -0.100000
v -1.562156 0.103219 0.100000
v -1.562156 0.103219 -0.100000
v -1.568556 0.093556 0.100000
v -1.568556 0.093556 -0.100000
v -1.575038 0.083976 0.100000
v -1.575038 0.083976 -0.100000
v -1.581750 0.074250 0.100000
v -1.581750 0.074250 -0.100000
v -1.588837 0.064149 0.100000
v -1.588837 0.064149 -0.100000
v -1.596445 0.053444 0.100000
v -1.596445 0.053444 -0.100000
v -1.604719 0.041906 0.100000
v -1.604719 0.041906 -0.100000
v -1.613806 0.029306 0.100000
v -1.613806 0.029306 -0.100000
v -1.623851 0.015413 0.100000
v -1.623851 0.015413 -0.100000
v -1.635000 0.000000 0.100000
v -1.635000 -0.000000 -0.100000
v -1.518000 0.000000 0.100000
v -1.518000 -0.000000 -0.100000
v -1.428000 0.140000 0.100000
v -1.428000 0.140000 -0.100000
v -1.406487 0.172479 0.100000
v -1.406487 0.172479 -0.100000
v -1.386815 0.200167 0.100000
v -1.386815 0.200167 -0.100000
v -1.368781 0.223437 0.100000
v -1.368781 0.223437 -0.100000
v -1.352185 0.242667 0.100000
v -1.352185 0.242667 -0.100000
v -1.336825 0.258229 0.100000
v -1.336825 0.258229 -0.100000
v -1.322500 0.270500 0.100000
v -1.322500 0.270500 -0.100000
v -1.309008 0.279854 0.100000
v -1.309008 0.279854 -0.100000
v -1.296148 0.286667 0.100000
v -1.296148 0.286667 -0.100000
v -1.283719 0.291313 0.100000
v -1.283719 0.291313 -0.100000
v -1.271519 0.294167 0.100000
v -1.271519 0.294167 -0.100000
v -1.259346 0.295604 0.100000
v -1.259346 0.295604 -0.100000
v -1.247000 0.296000 0.100000
v -1.247000 0.296000 -0.100000
v -1.206000 0.296000 0.100000
v -1.206000 0.296000 -0.100000
v -1.206000 0.000000 0.100000
v -1.206000 -0.000000 -0.100000
v -1.108000 0.000000 0.100000
v -1.108000 -0.000000 -0.100000
v -1.108000 0.682000 0.100000
v -1.108000 0.682000 -0.100000
v -1.280000 0.682000 0.100000
v -1.280000 0.682000 -0.100000
v -1.269000 0.384000 0.100000
v -1.269000 0.384000 -0.100000
v -1.293713 0.385095 0.100000
v -1.293713 0.385095 -0.100000
v -1.315454 0.388264 0.100000
v -1.315454 0.388264 -0.100000
v -1.334375 0.393328 0.100000
v -1.334375 0.393328 -0.100000
v -1.350630 0.400111 0.100000
v -1.350630 0.400111 -0.100000
v -1.364370 0.408436 0.100000
v -1.364370 0.408436 -0.100000
v -1.375750 0.418125 0.100000
v -1.375750 0.418125 -0.100000
v -1.384921 0.429002 0.100000
v -1.384921 0.429002 -0.100000
v -1.392037 0.440889 0.100000
v -1.392037 0.440889 -0.100000
v -1.397250 0.453609 0.100000
v -1.397250 0.453609 -0.100000
v -1.400713 0.466986 0.100000
v -1.400713 0.466986 -0.100000
v -1.402579 0.480842 0.100000
v -1.402579 0.480842 -0.100000
v -1.403000 0.495000 0.100000
v -1.403000 0.495000 -0.100000
v -1.401968 0.510471 0.100000
v -1.401968 0.510471 -0.100000
v -1.399324 0.524852 0.100000
v -1.399324 0.524852 -0.100000
v -1.395000 0.538094 0.100000
v -1.395000 0.538094 -0.100000
v -1.388926 0.550148 0.100000
v -1.388926 0.550148 -0.100000
v -1.381032 0.560966 0.100000
v -1.381032 0.560966 -0.100000
v -1.371250 0.570500 0.100000
v -1.371250 0.570500 -0.100000
v -1.359509 0.578700 0.100000
v -1.359509 0.578700 -0.100000
v -1.345741 0.585519 0.100000
v -1.345741 0.585519 -0.100000
v -1.329875 0.590906 0.100000
v -1.329875 0.590906 -0.100000
v -1.311843 0.594815 0.100000
v -1.311843 0.594815 -0.100000
v -1.291574 0.597196 0.100000
v -1.291574 0.597196 -0.100000
v -1.269000 0.598000 0.100000
v -1.269000 0.598000 -0.100000
v -1.206000 0.598000 0.100000
v -1.206000 0.598000 -0.100000
v -1.206000 0.384000 0.100000
v -1.206000 0.384000 -0.100000
vn -0.0000 -0.0000 -1.0000
vn -0.0000 -0.0000 1.0000
vn -1.0000 -0.0000 -0.0000
vn -0.0000 1.0000 -0.0000
vn -0.0000 -1.0000 -0.0000
vn 1.0000 -0.0000 -0.0000
vn -0.1416 0.9899 -0.0000
vn -0.2463 0.9692 -0.0000
vn -0.3582 0.9337 -0.0000
vn -0.4746 0.8802 -0.0000
vn -0.5915 0.8063 -0.0000
vn -0.7030 0.7112 -0.0000
vn -0.8025 0.5966 -0.0000
vn -0.8840 0.4675 -0.0000
vn -0.9438 0.3306 -0.0000
vn -0.9811 0.1934 -0.0000
vn -0.9981 0.0620 -0.0000
vn -0.9990 -0.0439 -0.0000
vn -0.9908 -0.1356 -0.0000
vn -0.9729 -0.2312 -0.0000
vn -0.9444 -0.3288 -0.0000
vn -0.9047 -0.4261 -0.0000
vn -0.8539 -0.5204 -0.0000
vn -0.7931 -0.6091 -0.0000
vn -0.7239 -0.6899 -0.0000
vn -0.6486 -0.7611 -0.0000
vn -0.5695 -0.8220 -0.0000
vn -0.4888 -0.8724 -0.0000
vn -0.4086 -0.9127 -0.0000
vn -0.5805 0.8143 -0.0000
vn -0.6347 0.7728 -0.0000
vn -0.6829 0.7306 -0.0000
vn -0.7242 0.6895 -0.0000
vn -0.7587 0.6514 -0.0000
vn -0.7867 0.6174 -0.0000
vn -0.8086 0.5883 -0.0000
vn -0.8253 0.5647 -0.0000
vn -0.8375 0.5465 -0.0000
vn -0.8458 0.5335 -0.0000
vn -0.8507 0.5256 -0.0000
vn -0.8528 0.5222 -0.0000
vn -0.8490 0.5283 -0.0000
vn -0.8445 0.5356 -0.0000
vn -0.8393 0.5437 -0.0000
vn -0.8337 0.5521 -0.0000
vn -0.8282 0.5604 -0.0000
vn -0.8230 0.5680 -0.0000
vn -0.8186 0.5744 -0.0000
vn -0.8151 0.5793 -0.0000
vn -0.8126 0.5828 -0.0000
vn -0.8111 0.5849 -0.0000
vn -0.8104 0.5859 -0.0000
vn -0.8102 0.5861 -0.0000
vn 0.8412 -0.5408 -0.0000
vn 0.8337 -0.5522 -0.0000
vn 0.8152 -0.5792 -0.0000
vn 0.7904 -0.6125 -0.0000
vn 0.7570 -0.6534 -0.0000
vn 0.7117 -0.7025 -0.0000
vn 0.6505 -0.7595 -0.0000
vn 0.5698 -0.8218 -0.0000
vn 0.4681 -0.8837 -0.0000
vn 0.3501 -0.9367 -0.0000
vn 0.2278 -0.9737 -0.0000
vn 0.1173 -0.9931 -0.0000
vn 0.0320 -0.9995 -0.0000
vn -0.0450 0.9990 -0.0000
vn -0.0443 -0.9990 -0.0000
vn -0.1442 -0.9895 -0.0000
vn -0.2585 -0.9660 -0.0000
vn -0.3851 -0.9229 -0.0000
vn -0.5182 -0.8553 -0.0000
vn -0.6483 -0.7614 -0.0000
vn -0.7645 -0.6446 -0.0000
vn -0.8580 -0.5136 -0.0000
vn -0.9253 -0.3792 -0.0000
vn -0.9681 -0.2506 -0.0000
vn -0.9911 -0.1335 -0.0000
vn -0.9996 -0.0298 -0.0000
vn -0.9978 0.0666 -0.0000
vn -0.9835 0.1808 -0.0000
vn -0.9506 0.3104 -0.0000
vn -0.8930 0.4500 -0.0000
vn -0.8078 0.5894 -0.0000
vn -0.6979 0.7162 -0.0000
vn -0.5726 0.8198 -0.0000
vn -0.4438 0.8961 -0.0000
vn -0.3215 0.9469 -0.0000
vn -0.2118 0.9773 -0.0000
vn -0.1167 0.9932 -0.0000
vn -0.0356 0.9994 -0.0000
vn -0.9811 0.1933 -0.0000
vn -0.6828 0.7306 -0.0000
vn -0.8491 0.5283 -0.0000
vn -0.9911 -0.1334 -0.0000
vn -0.9996 -0.0297 -0.0000
vn -0.3216 0.9469 -0.0000
vn -0.1832 0.9831 -0.0000
vn -0.3087 0.9512 -0.0000
vn -0.4322 0.9018 -0.0000
vn -0.5498 0.8353 -0.0000
vn -0.6581 0.7530 -0.0000
vn -0.7539 0.6570 -0.0000
vn -0.8353 0.5498 -0.0000
vn -0.9008 0.4342 -0.0000
vn -0.9498 0.3128 -0.0000
vn -0.9822 0.1881 -0.0000
vn -0.9981 0.0624 -0.0000
vn -0.9980 -0.0624 -0.0000
vn -0.9823 -0.1873 -0.0000
vn -0.9506 -0.3105 -0.0000
vn -0.9027 -0.4302 -0.0000
vn -0.8387 -0.5446 -0.0000
vn -0.7588 -0.6513 -0.0000
vn -0.6639 -0.7478 -0.0000
vn -0.5560 -0.8312 -0.0000
vn -0.4377 -0.8991 -0.0000
vn -0.3128 -0.9498 -0.0000
vn -0.1856 -0.9826 -0.0000
vn -0.0603 -0.9982 -0.0000
vn 0.0620 -0.9981 -0.0000
vn 0.1895 -0.9819 -0.0000
vn 0.3176 -0.9482 -0.0000
vn 0.4420 -0.8970 -0.0000
vn 0.5590 -0.8291 -0.0000
vn 0.6654 -0.7465 -0.0000
vn 0.7589 -0.6513 -0.0000
vn 0.8379 -0.5459 -0.0000
vn 0.9016 -0.4325 -0.0000
vn 0.9497 -0.3132 -0.0000
vn 0.9819 -0.1895 -0.0000
vn 0.9980 -0.0633 -0.0000
vn 0.9980 0.0638 -0.0000
vn 0.9815 0.1917 -0.0000
vn 0.9483 0.3173 -0.0000
vn 0.8988 0.4384 -0.0000
vn 0.8333 0.5529 -0.0000
vn 0.7526 0.6584 -0.0000
vn 0.6581 0.7529 -0.0000
vn 0.5514 0.8342 -0.0000
vn 0.4351 0.9004 -0.0000
vn 0.3123 0.9500 -0.0000
vn 0.1863 0.9825 -0.0000
vn 0.0610 0.9981 -0.0000
vn -0.0597 0.9982 -0.0000
vn -0.1841 -0.9829 -0.0000
vn -0.3076 -0.9515 -0.0000
vn -0.4283 -0.9036 -0.0000
vn -0.5434 -0.8395 -0.0000
vn -0.6501 -0.7599 -0.0000
vn -0.7459 -0.6660 -0.0000
vn -0.8286 -0.5598 -0.0000
vn -0.8963 -0.4435 -0.0000
vn -0.9475 -0.3199 -0.0000
vn -0.9814 -0.1921 -0.0000
vn -0.9980 -0.0634 -0.0000
vn -0.9980 0.0630 -0.0000
vn -0.9815 0.1913 -0.0000
vn -0.9477 0.3192 -0.0000
vn -0.8964 0.4432 -0.0000
vn -0.8285 0.5601 -0.0000
vn -0.7453 0.6668 -0.0000
vn -0.6489 0.7609 -0.0000
vn -0.5417 0.8406 -0.0000
vn -0.4264 0.9046 -0.0000
vn -0.3058 0.9521 -0.0000
vn -0.1828 0.9832 -0.0000
vn -0.0601 0.9982 -0.0000
vn 0.0605 0.9982 -0.0000
vn 0.1837 0.9830 -0.0000
vn 0.3071 0.9517 -0.0000
vn 0.4278 0.9039 -0.0000
vn 0.5430 0.8397 -0.0000
vn 0.6499 0.7600 -0.0000
vn 0.7460 0.6659 -0.0000
vn 0.8289 0.5593 -0.0000
vn 0.8967 0.4427 -0.0000
vn 0.9478 0.3189 -0.0000
vn 0.9815 0.1912 -0.0000
vn 0.9980 0.0630 -0.0000
vn 0.9814 -0.1919 -0.0000
vn 0.9476 -0.3196 -0.0000
vn 0.8965 -0.4430 -0.0000
vn 0.8291 -0.5591 -0.0000
vn 0.7467 -0.6651 -0.0000
vn 0.6512 -0.7589 -0.0000
vn 0.5447 -0.8386 -0.0000
vn 0.4297 -0.9030 -0.0000
vn 0.3089 -0.9511 -0.0000
vn 0.1851 -0.9827 -0.0000
vn 0.0610 -0.9981 -0.0000
vn -0.0606 -0.9982 -0.0000
vn -0.8025 0.5967 -0.0000
vn -0.9981 0.0619 -0.0000
vn -0.9908 -0.1355 -0.0000
vn -0.7242 0.6896 -0.0000
vn -0.8253 0.5646 -0.0000
vn -0.8337 0.5522 -0.0000
vn -0.8186 0.5743 -0.0000
vn -0.2586 -0.9660 -0.0000
vn -0.8338 0.5521 -0.0000
vn -0.8231 0.5680 -0.0000
vn -0.8103 0.5860 -0.0000
vn 0.6506 -0.7595 -0.0000
vn -0.6580 0.7530 -0.0000
vn 0.5591 -0.8291 -0.0000
vn 0.9814 0.1917 -0.0000
vn -0.8284 0.5601 -0.0000
vn -0.7243 0.6895 -0.0000
vn -0.8086 0.5884 -0.0000
vn -0.8375 0.5464 -0.0000
vn 0.7117 -0.7024 -0.0000
vn -0.9681 -0.2507 -0.0000
vt 0.688172 0.000000
vt 0.989247 0.000000
vt 0.698925 0.000000
vt 0.709677 0.000000
vt 0.000000 0.000000
vt 0.010753 0.000000
vt 0.021505 0.000000
vt 0.032258 0.000000
vt 0.043011 0.000000
vt 0.053763 0.000000
vt 0.064516 0.000000
vt 0.978495 0.000000
vt 0.075269 0.000000
vt 1.000000 0.000000
vt 0.967742 0.000000
vt 0.956989 0.000000
vt 0.946237 0.000000
vt 0.086022 0.000000
vt 0.935484 0.000000
vt 0.924731 0.000000
vt 0.913979 0.000000
vt 0.096774 0.000000
vt 0.903226 0.000000
vt 0.892473 0.000000
vt 0.881720 0.000000
vt 0.107527 0.000000
vt 0.870968 0.000000
vt 0.860215 0.000000
vt 0.118280 0.000000
vt 0.849462 0.000000
vt 0.838710 0.000000
vt 0.129032 0.000000
vt 0.827957 0.000000
vt 0.139785 0.000000
vt 0.817204 0.000000
vt 0.806452 0.000000
vt 0.150538 0.000000
vt 0.795699 0.000000
vt 0.161290 0.000000
vt 0.784946 0.000000
vt 0.172043 0.000000
vt 0.774194 0.000000
vt 0.763441 0.000000
vt 0.182796 0.000000
vt 0.752688 0.000000
vt 0.741935 0.000000
vt 0.193548 0.000000
vt 0.731183 0.000000
vt 0.720430 0.000000
vt 0.666667 0.000000
vt 0.204301 0.000000
vt 0.215054 0.000000
vt 0.225806 0.000000
vt 0.236559 0.000000
vt 0.247312 0.000000
vt 0.258065 0.000000
vt 0.268817 0.000000
vt 0.655914 0.000000
vt 0.645161 0.000000
vt 0.279570 0.000000
vt 0.677419 0.000000
vt 0.634409 0.000000
vt 0.623656 0.000000
vt 0.612903 0.000000
vt 0.290323 0.000000
vt 0.602151 0.000000
vt 0.591398 0.000000
vt 0.301075 0.000000
vt 0.580645 0.000000
vt 0.311828 0.000000
vt 0.569892 0.000000
vt 0.322581 0.000000
vt 0.559140 0.000000
vt 0.333333 0.000000
vt 0.548387 0.000000
vt 0.344086 0.000000
vt 0.537634 0.000000
vt 0.354839 0.000000
vt 0.365591 0.000000
vt 0.526882 0.000000
vt 0.376344 0.000000
vt 0.516129 0.000000
vt 0.387097 0.000000
vt 0.397849 0.000000
vt 0.408602 0.000000
vt 0.419355 0.000000
vt 0.430108 0.000000
vt 0.440860 0.000000
vt 0.451613 0.000000
vt 0.462366 0.000000
vt 0.473118 0.000000
vt 0.483871 0.000000
vt 0.494624 0.000000
vt 0.505376 0.000000
vt 0.484211 0.000000
vt 0.494737 0.000000
vt 0.010526 0.000000
vt 0.473684 0.000000
vt 0.021053 0.000000
vt 0.463158 0.000000
vt 0.031579 0.000000
vt 0.452632 0.000000
vt 0.042105 0.000000
vt 0.442105 0.000000
vt 0.052632 0.000000
vt 0.431579 0.000000
vt 0.747368 0.000000
vt 0.757895 0.000000
vt 0.736842 0.000000
vt 0.726316 0.000000
vt 0.768421 0.000000
vt 0.715789 0.000000
vt 0.778947 0.000000
vt 0.063158 0.000000
vt 0.421053 0.000000
vt 0.705263 0.000000
vt 0.789474 0.000000
vt 0.694737 0.000000
vt 0.800000 0.000000
vt 0.073684 0.000000
vt 0.410526 0.000000
vt 0.684211 0.000000
vt 0.810526 0.000000
vt 0.673684 0.000000
vt 0.821053 0.000000
vt 0.084211 0.000000
vt 0.400000 0.000000
vt 0.663158 0.000000
vt 0.831579 0.000000
vt 0.094737 0.000000
vt 0.389474 0.000000
vt 0.652632 0.000000
vt 0.842105 0.000000
vt 0.642105 0.000000
vt 0.852632 0.000000
vt 0.105263 0.000000
vt 0.378947 0.000000
vt 0.631579 0.000000
vt 0.863158 0.000000
vt 0.115789 0.000000
vt 0.368421 0.000000
vt 0.621053 0.000000
vt 0.873684 0.000000
vt 0.357895 0.000000
vt 0.884211 0.000000
vt 0.610526 0.000000
vt 0.126316 0.000000
vt 0.894737 0.000000
vt 0.600000 0.000000
vt 0.136842 0.000000
vt 0.347368 0.000000
vt 0.905263 0.000000
vt 0.589474 0.000000
vt 0.147368 0.000000
vt 0.336842 0.000000
vt 0.578947 0.000000
vt 0.915789 0.000000
vt 0.157895 0.000000
vt 0.326316 0.000000
vt 0.568421 0.000000
vt 0.926316 0.000000
vt 0.557895 0.000000
vt 0.936842 0.000000
vt 0.168421 0.000000
vt 0.315789 0.000000
vt 0.547368 0.000000
vt 0.947368 0.000000
vt 0.536842 0.000000
vt 0.957895 0.000000
vt 0.178947 0.000000
vt 0.305263 0.000000
vt 0.526316 0.000000
vt 0.968421 0.000000
vt 0.515789 0.000000
vt 0.978947 0.000000
vt 0.189474 0.000000
vt 0.294737 0.000000
vt 0.505263 0.000000
vt 0.989474 0.000000
vt 0.200000 0.000000
vt 0.284211 0.000000
vt 0.210526 0.000000
vt 0.273684 0.000000
vt 0.221053 0.000000
vt 0.263158 0.000000
vt 0.231579 0.000000
vt 0.252632 0.000000
vt 0.242105 0.000000
vt 0.727273 0.000000
vt 0.818182 0.000000
vt 0.909091 0.000000
vt 0.090909 0.000000
vt 0.363636 0.000000
vt 0.181818 0.000000
vt 0.272727 0.000000
vt 0.454545 0.000000
vt 0.545455 0.000000
vt 0.636364 0.000000
vt 0.083333 1.000000
vt 0.000000 1.000000
vt 0.166667 1.000000
vt 0.083333 0.000000
vt 0.250000 1.000000
vt 0.166667 0.000000
vt 0.333333 1.000000
vt 0.250000 0.000000
vt 0.416667 1.000000
vt 0.500000 1.000000
vt 0.416667 0.000000
vt 0.583333 1.000000
vt 0.500000 0.000000
vt 0.666667 1.000000
vt 0.583333 0.000000
vt 0.750000 1.000000
vt 0.833333 1.000000
vt 0.750000 0.000000
vt 0.916667 1.000000
vt 0.833333 0.000000
vt 1.000000 1.000000
vt 0.916667 0.000000
vt 0.014925 1.000000
vt 0.029851 1.000000
vt 0.014925 0.000000
vt 0.044776 1.000000
vt 0.029851 0.000000
vt 0.059701 1.000000
vt 0.044776 0.000000
vt 0.074627 1.000000
vt 0.059701 0.000000
vt 0.089552 1.000000
vt 0.074627 0.000000
vt 0.104478 1.000000
vt 0.089552 0.000000
vt 0.119403 1.000000
vt 0.104478 0.000000
vt 0.134328 1.000000
vt 0.119403 0.000000
vt 0.149254 1.000000
vt 0.134328 0.000000
vt 0.164179 1.000000
vt 0.149254 0.000000
vt 0.179104 1.000000
vt 0.164179 0.000000
vt 0.194030 1.000000
vt 0.179104 0.000000
vt 0.208955 1.000000
vt 0.194030 0.000000
vt 0.223881 1.000000
vt 0.208955 0.000000
vt 0.238806 1.000000
vt 0.223881 0.000000
vt 0.253731 1.000000
vt 0.238806 0.000000
vt 0.268657 1.000000
vt 0.253731 0.000000
vt 0.283582 1.000000
vt 0.268657 0.000000
vt 0.298507 1.000000
vt 0.283582 0.000000
vt 0.313433 1.000000
vt 0.298507 0.000000
vt 0.328358 1.000000
vt 0.313433 0.000000
vt 0.343284 1.000000
vt 0.328358 0.000000
vt 0.358209 1.000000
vt 0.343284 0.000000
vt 0.373134 1.000000
vt 0.358209 0.000000
vt 0.388060 1.000000
vt 0.373134 0.000000
vt 0.402985 1.000000
vt 0.388060 0.000000
vt 0.417910 1.000000
vt 0.402985 0.000000
vt 0.432836 1.000000
vt 0.417910 0.000000
vt 0.447761 1.000000
vt 0.432836 0.000000
vt 0.462687 1.000000
vt 0.447761 0.000000
vt 0.477612 1.000000
vt 0.462687 0.000000
vt 0.492537 1.000000
vt 0.477612 0.000000
vt 0.507463 1.000000
vt 0.492537 0.000000
vt 0.522388 1.000000
vt 0.507463 0.000000
vt 0.537313 1.000000
vt 0.522388 0.000000
vt 0.552239 1.000000
vt 0.537313 0.000000
vt 0.567164 1.000000
vt 0.552239 0.000000
vt 0.582090 1.000000
vt 0.567164 0.000000
vt 0.597015 1.000000
vt 0.582090 0.000000
vt 0.611940 1.000000
vt 0.597015 0.000000
vt 0.626866 1.000000
vt 0.611940 0.000000
vt 0.641791 1.000000
vt 0.626866 0.000000
vt 0.656716 1.000000
vt 0.641791 0.000000
vt 0.671642 1.000000
vt 0.656716 0.000000
vt 0.686567 1.000000
vt 0.671642 0.000000
vt 0.701493 1.000000
vt 0.686567 0.000000
vt 0.716418 1.000000
vt 0.701493 0.000000
vt 0.731343 1.000000
vt 0.716418 0.000000
vt 0.746269 1.000000
vt 0.731343 0.000000
vt 0.761194 1.000000
vt 0.746269 0.000000
vt 0.776119 1.000000
vt 0.761194 0.000000
vt 0.791045 1.000000
vt 0.776119 0.000000
vt 0.805970 1.000000
vt 0.791045 0.000000
vt 0.820895 1.000000
vt 0.805970 0.000000
vt 0.835821 1.000000
vt 0.820895 0.000000
vt 0.850746 1.000000
vt 0.835821 0.000000
vt 0.865672 1.000000
vt 0.850746 0.000000
vt 0.880597 1.000000
vt 0.865672 0.000000
vt 0.895522 1.000000
vt 0.880597 0.000000
vt 0.910448 1.000000
vt 0.895522 0.000000
vt 0.925373 1.000000
vt 0.910448 0.000000
vt 0.940298 1.000000
vt 0.925373 0.000000
vt 0.955224 1.000000
vt 0.940298 0.000000
vt 0.970149 1.000000
vt 0.955224 0.000000
vt 0.985075 1.000000
vt 0.970149 0.000000
vt 0.985075 0.000000
vt 0.037037 1.000000
vt 0.037037 0.000000
vt 0.074074 1.000000
vt 0.074074 0.000000
vt 0.111111 1.000000
vt 0.111111 0.000000
vt 0.148148 1.000000
vt 0.148148 0.000000
vt 0.185185 1.000000
vt 0.185185 0.000000
vt 0.222222 1.000000
vt 0.222222 0.000000
vt 0.259259 1.000000
vt 0.259259 0.000000
vt 0.296296 1.000000
vt 0.296296 0.000000
vt 0.370370 1.000000
vt 0.370370 0.000000
vt 0.407407 1.000000
vt 0.407407 0.000000
vt 0.444444 1.000000
vt 0.444444 0.000000
vt 0.481481 1.000000
vt 0.481481 0.000000
vt 0.518519 1.000000
vt 0.518519 0.000000
vt 0.555556 1.000000
vt 0.555556 0.000000
vt 0.592593 1.000000
vt 0.592593 0.000000
vt 0.629630 1.000000
vt 0.629630 0.000000
vt 0.703704 1.000000
vt 0.703704 0.000000
vt 0.740741 1.000000
vt 0.740741 0.000000
vt 0.777778 1.000000
vt 0.777778 0.000000
vt 0.814815 1.000000
vt 0.814815 0.000000
vt 0.851852 1.000000
vt 0.851852 0.000000
vt 0.888889 1.000000
vt 0.888889 0.000000
vt 0.925926 1.000000
vt 0.925926 0.000000
vt 0.962963 1.000000
vt 0.962963 0.000000
vt 0.020833 1.000000
vt 0.041667 1.000000
vt 0.020833 0.000000
vt 0.062500 1.000000
vt 0.041667 0.000000
vt 0.062500 0.000000
vt 0.104167 1.000000
vt 0.125000 1.000000
vt 0.104167 0.000000
vt 0.145833 1.000000
vt 0.125000 0.000000
vt 0.145833 0.000000
vt 0.187500 1.000000
vt 0.208333 1.000000
vt 0.187500 0.000000
vt 0.229167 1.000000
vt 0.208333 0.000000
vt 0.229167 0.000000
vt 0.270833 1.000000
vt 0.291667 1.000000
vt 0.270833 0.000000
vt 0.312500 1.000000
vt 0.291667 0.000000
vt 0.312500 0.000000
vt 0.354167 1.000000
vt 0.375000 1.000000
vt 0.354167 0.000000
vt 0.395833 1.000000
vt 0.375000 0.000000
vt 0.395833 0.000000
vt 0.437500 1.000000
vt 0.458333 1.000000
vt 0.437500 0.000000
vt 0.479167 1.000000
vt 0.458333 0.000000
vt 0.479167 0.000000
vt 0.520833 1.000000
vt 0.541667 1.000000
vt 0.520833 0.000000
vt 0.562500 1.000000
vt 0.541667 0.000000
vt 0.562500 0.000000
vt 0.604167 1.000000
vt 0.625000 1.000000
vt 0.604167 0.000000
vt 0.645833 1.000000
vt 0.625000 0.000000
vt 0.645833 0.000000
vt 0.687500 1.000000
vt 0.708333 1.000000
vt 0.687500 0.000000
vt 0.729167 1.000000
vt 0.708333 0.000000
vt 0.729167 0.000000
vt 0.770833 1.000000
vt 0.791667 1.000000
vt 0.770833 0.000000
vt 0.812500 1.000000
vt 0.791667 0.000000
vt 0.812500 0.000000
vt 0.854167 1.000000
vt 0.875000 1.000000
vt 0.854167 0.000000
vt 0.895833 1.000000
vt 0.875000 0.000000
vt 0.895833 0.000000
vt 0.937500 1.000000
vt 0.958333 1.000000
vt 0.937500 0.000000
vt 0.979167 1.000000
vt 0.958333 0.000000
vt 0.979167 0.000000
s 0
f 65/1/1 93/2/1 66/3/1
f 93/2/1 67/4/1 66/3/1
f 93/2/1 1/5/1 67/4/1
f 93/2/1 2/6/1 1/5/1
f 93/2/1 3/7/1 2/6/1
f 93/2/1 4/8/1 3/7/1
f 93/2/1 5/9/1 4/8/1
f 93/2/1 6/10/1 5/9/1
f 93/2/1 7/11/1 6/10/1
f 93/2/1 92/12/1 7/11/1
f 92/12/1 8/13/1 7/11/1
f 65/1/1 94/14/1 93/2/1
f 91/15/1 8/13/1 92/12/1
f 90/16/1 8/13/1 91/15/1
f 89/17/1 8/13/1 90/16/1
f 89/17/1 9/18/1 8/13/1
f 88/19/1 9/18/1 89/17/1
f 87/20/1 9/18/1 88/19/1
f 86/21/1 9/18/1 87/20/1
f 86/21/1 10/22/1 9/18/1
f 85/23/1 10/22/1 86/21/1
f 84/24/1 10/22/1 85/23/1
f 83/25/1 10/22/1 84/24/1
f 83/25/1 11/26/1 10/22/1
f 82/27/1 11/26/1 83/25/1
f 81/28/1 11/26/1 82/27/1
f 81/28/1 12/29/1 11/26/1
f 80/30/1 12/29/1 81/28/1
f 79/31/1 12/29/1 80/30/1
f 79/31/1 13/32/1 12/29/1
f 78/33/1 13/32/1 79/31/1
f 78/33/1 14/34/1 13/32/1
f 77/35/1 14/34/1 78/33/1
f 76/36/1 14/34/1 77/35/1
f 76/36/1 15/37/1 14/34/1
f 75/38/1 15/37/1 76/36/1
f 75/38/1 16/39/1 15/37/1
f 74/40/1 16/39/1 75/38/1
f 74/40/1 17/41/1 16/39/1
f 73/42/1 17/41/1 74/40/1
f 72/43/1 17/41/1 73/42/1
f 72/43/1 18/44/1 17/41/1
f 71/45/1 18/44/1 72/43/1
f 70/46/1 18/44/1 71/45/1
f 70/46/1 19/47/1 18/44/1
f 69/48/1 19/47/1 70/46/1
f 68/49/1 19/47/1 69/48/1
f 65/1/1 63/50/1 94/14/1
f 63/50/1 68/49/1 94/14/1
f 63/50/1 19/47/1 68/49/1
f 63/50/1 20/51/1 19/47/1
f 63/50/1 21/52/1 20/51/1
f 63/50/1 22/53/1 21/52/1
f 63/50/1 23/54/1 22/53/1
f 63/50/1 24/55/1 23/54/1
f 63/50/1 25/56/1 24/55/1
f 63/50/1 26/57/1 25/56/1
f 63/50/1 62/58/1 26/57/1
f 62/58/1 61/59/1 26/57/1
f 61/59/1 27/60/1 26/57/1
f 65/1/1 64/61/1 63/50/1
f 60/62/1 27/60/1 61/59/1
f 59/63/1 27/60/1 60/62/1
f 58/64/1 27/60/1 59/63/1
f 58/64/1 28/65/1 27/60/1
f 57/66/1 28/65/1 58/64/1
f 56/67/1 28/65/1 57/66/1
f 56/67/1 29/68/1 28/65/1
f 55/69/1 29/68/1 56/67/1
f 55/69/1 30/70/1 29/68/1
f 54/71/1 30/70/1 55/69/1
f 54/71/1 31/72/1 30/70/1
f 53/73/1 31/72/1 54/71/1
f 53/73/1 32/74/1 31/72/1
f 52/75/1 32/74/1 53/73/1
f 52/75/1 33/76/1 32/74/1
f 51/77/1 33/76/1 52/75/1
f 51/77/1 34/78/1 33/76/1
f 51/77/1 35/79/1 34/78/1
f 50/80/1 35/79/1 51/77/1
f 50/80/1 36/81/1 35/79/1
f 49/82/1 36/81/1 50/80/1
f 49/82/1 37/83/1 36/81/1
f 49/82/1 38/84/1 37/83/1
f 49/82/1 39/85/1 38/84/1
f 49/82/1 40/86/1 39/85/1
f 49/82/1 41/87/1 40/86/1
f 49/82/1 42/88/1 41/87/1
f 49/82/1 43/89/1 42/88/1
f 49/82/1 44/90/1 43/89/1
f 49/82/1 45/91/1 44/90/1
f 49/82/1 46/92/1 45/91/1
f 49/82/1 47/93/1 46/92/1
f 49/82/1 48/94/1 47/93/1
f 141/95/1 95/5/1 142/96/1
f 141/95/1 96/97/1 95/5/1
f 140/98/1 96/97/1 141/95/1
f 140/98/1 97/99/1 96/97/1
f 139/100/1 97/99/1 140/98/1
f 139/100/1 98/101/1 97/99/1
f 138/102/1 98/101/1 139/100/1
f 138/102/1 99/103/1 98/101/1
f 137/104/1 99/103/1 138/102/1
f 137/104/1 100/105/1 99/103/1
f 136/106/1 166/107/1 137/104/1
f 166/107/1 100/105/1 137/104/1
f 136/106/1 167/108/1 166/107/1
f 165/109/1 100/105/1 166/107/1
f 164/110/1 100/105/1 165/109/1
f 136/106/1 168/111/1 167/108/1
f 163/112/1 100/105/1 164/110/1
f 136/106/1 169/113/1 168/111/1
f 163/112/1 101/114/1 100/105/1
f 135/115/1 169/113/1 136/106/1
f 162/116/1 101/114/1 163/112/1
f 135/115/1 170/117/1 169/113/1
f 161/118/1 101/114/1 162/116/1
f 135/115/1 171/119/1 170/117/1
f 161/118/1 102/120/1 101/114/1
f 134/121/1 171/119/1 135/115/1
f 160/122/1 102/120/1 161/118/1
f 134/121/1 172/123/1 171/119/1
f 159/124/1 102/120/1 160/122/1
f 134/121/1 173/125/1 172/123/1
f 159/124/1 103/126/1 102/120/1
f 133/127/1 173/125/1 134/121/1
f 158/128/1 103/126/1 159/124/1
f 133/127/1 174/129/1 173/125/1
f 158/128/1 104/130/1 103/126/1
f 132/131/1 174/129/1 133/127/1
f 157/132/1 104/130/1 158/128/1
f 132/131/1 175/133/1 174/129/1
f 156/134/1 104/130/1 157/132/1
f 132/131/1 176/135/1 175/133/1
f 156/134/1 105/136/1 104/130/1
f 131/137/1 176/135/1 132/131/1
f 155/138/1 105/136/1 156/134/1
f 131/137/1 177/139/1 176/135/1
f 155/138/1 106/140/1 105/136/1
f 130/141/1 177/139/1 131/137/1
f 154/142/1 106/140/1 155/138/1
f 130/141/1 178/143/1 177/139/1
f 129/144/1 178/143/1 130/141/1
f 129/144/1 179/145/1 178/143/1
f 153/146/1 106/140/1 154/142/1
f 153/146/1 107/147/1 106/140/1
f 129/144/1 180/148/1 179/145/1
f 152/149/1 107/147/1 153/146/1
f 152/149/1 108/150/1 107/147/1
f 128/151/1 180/148/1 129/144/1
f 128/151/1 181/152/1 180/148/1
f 151/153/1 108/150/1 152/149/1
f 151/153/1 109/154/1 108/150/1
f 127/155/1 181/152/1 128/151/1
f 150/156/1 109/154/1 151/153/1
f 127/155/1 182/157/1 181/152/1
f 150/156/1 110/158/1 109/154/1
f 126/159/1 182/157/1 127/155/1
f 149/160/1 110/158/1 150/156/1
f 126/159/1 183/161/1 182/157/1
f 148/162/1 110/158/1 149/160/1
f 126/159/1 184/163/1 183/161/1
f 148/162/1 111/164/1 110/158/1
f 125/165/1 184/163/1 126/159/1
f 147/166/1 111/164/1 148/162/1
f 125/165/1 185/167/1 184/163/1
f 146/168/1 111/164/1 147/166/1
f 125/165/1 186/169/1 185/167/1
f 146/168/1 112/170/1 111/164/1
f 124/171/1 186/169/1 125/165/1
f 145/172/1 112/170/1 146/168/1
f 124/171/1 187/173/1 186/169/1
f 144/174/1 112/170/1 145/172/1
f 124/171/1 188/175/1 187/173/1
f 144/174/1 113/176/1 112/170/1
f 123/177/1 188/175/1 124/171/1
f 143/178/1 113/176/1 144/174/1
f 123/177/1 189/179/1 188/175/1
f 190/14/1 113/176/1 143/178/1
f 123/177/1 190/14/1 189/179/1
f 123/177/1 113/176/1 190/14/1
f 123/177/1 114/180/1 113/176/1
f 122/181/1 114/180/1 123/177/1
f 122/181/1 115/182/1 114/180/1
f 121/183/1 115/182/1 122/181/1
f 121/183/1 116/184/1 115/182/1
f 120/185/1 116/184/1 121/183/1
f 120/185/1 117/186/1 116/184/1
f 119/187/1 117/186/1 120/185/1
f 119/187/1 118/188/1 117/186/1
f 255/1/1 283/2/1 256/3/1
f 283/2/1 257/4/1 256/3/1
f 283/2/1 191/5/1 257/4/1
f 283/2/1 192/6/1 191/5/1
f 283/2/1 193/7/1 192/6/1
f 283/2/1 194/8/1 193/7/1
f 283/2/1 195/9/1 194/8/1
f 283/2/1 196/10/1 195/9/1
f 283/2/1 197/11/1 196/10/1
f 283/2/1 282/12/1 197/11/1
f 282/12/1 198/13/1 197/11/1
f 255/1/1 284/14/1 283/2/1
f 281/15/1 198/13/1 282/12/1
f 280/16/1 198/13/1 281/15/1
f 279/17/1 198/13/1 280/16/1
f 279/17/1 199/18/1 198/13/1
f 278/19/1 199/18/1 279/17/1
f 277/20/1 199/18/1 278/19/1
f 276/21/1 199/18/1 277/20/1
f 276/21/1 200/22/1 199/18/1
f 275/23/1 200/22/1 276/21/1
f 274/24/1 200/22/1 275/23/1
f 273/25/1 200/22/1 274/24/1
f 273/25/1 201/26/1 200/22/1
f 272/27/1 201/26/1 273/25/1
f 271/28/1 201/26/1 272/27/1
f 271/28/1 202/29/1 201/26/1
f 270/30/1 202/29/1 271/28/1
f 269/31/1 202/29/1 270/30/1
f 269/31/1 203/32/1 202/29/1
f 268/33/1 203/32/1 269/31/1
f 268/33/1 204/34/1 203/32/1
f 267/35/1 204/34/1 268/33/1
f 266/36/1 204/34/1 267/35/1
f 266/36/1 205/37/1 204/34/1
f 265/38/1 205/37/1 266/36/1
f 265/38/1 206/39/1 205/37/1
f 264/40/1 206/39/1 265/38/1
f 264/40/1 207/41/1 206/39/1
f 263/42/1 207/41/1 264/40/1
f 262/43/1 207/41/1 263/42/1
f 262/43/1 208/44/1 207/41/1
f 261/45/1 208/44/1 262/43/1
f 260/46/1 208/44/1 261/45/1
f 260/46/1 209/47/1 208/44/1
f 259/48/1 209/47/1 260/46/1
f 258/49/1 209/47/1 259/48/1
f 255/1/1 253/50/1 284/14/1
f 253/50/1 258/49/1 284/14/1
f 253/50/1 209/47/1 258/49/1
f 253/50/1 210/51/1 209/47/1
f 253/50/1 211/52/1 210/51/1
f 253/50/1 212/53/1 211/52/1
f 253/50/1 213/54/1 212/53/1
f 253/50/1 214/55/1 213/54/1
f 253/50/1 215/56/1 214/55/1
f 253/50/1 216/57/1 215/56/1
f 253/50/1 252/58/1 216/57/1
f 252/58/1 251/59/1 216/57/1
f 251/59/1 217/60/1 216/57/1
f 255/1/1 254/61/1 253/50/1
f 250/62/1 217/60/1 251/59/1
f 249/63/1 217/60/1 250/62/1
f 248/64/1 217/60/1 249/63/1
f 248/64/1 218/65/1 217/60/1
f 247/66/1 218/65/1 248/64/1
f 246/67/1 218/65/1 247/66/1
f 246/67/1 219/68/1 218/65/1
f 245/69/1 219/68/1 246/67/1
f 245/69/1 220/70/1 219/68/1
f 244/71/1 220/70/1 245/69/1
f 244/71/1 221/72/1 220/70/1
f 243/73/1 221/72/1 244/71/1
f 243/73/1 222/74/1 221/72/1
f 242/75/1 222/74/1 243/73/1
f 242/75/1 223/76/1 222/74/1
f 241/77/1 223/76/1 242/75/1
f 241/77/1 224/78/1 223/76/1
f 241/77/1 225/79/1 224/78/1
f 240/80/1 225/79/1 241/77/1
f 240/80/1 226/81/1 225/79/1
f 239/82/1 226/81/1 240/80/1
f 239/82/1 227/83/1 226/81/1
f 239/82/1 228/84/1 227/83/1
f 239/82/1 229/85/1 228/84/1
f 239/82/1 230/86/1 229/85/1
f 239/82/1 231/87/1 230/86/1
f 239/82/1 232/88/1 231/87/1
f 239/82/1 233/89/1 232/88/1
f 239/82/1 234/90/1 233/89/1
f 239/82/1 235/91/1 234/90/1
f 239/82/1 236/92/1 235/91/1
f 239/82/1 237/93/1 236/92/1
f 239/82/1 238/94/1 237/93/1
f 349/1/1 377/2/1 350/3/1
f 377/2/1 351/4/1 350/3/1
f 377/2/1 285/5/1 351/4/1
f 377/2/1 286/6/1 285/5/1
f 377/2/1 287/7/1 286/6/1
f 377/2/1 288/8/1 287/7/1
f 377/2/1 289/9/1 288/8/1
f 377/2/1 290/10/1 289/9/1
f 377/2/1 291/11/1 290/10/1
f 377/2/1 376/12/1 291/11/1
f 376/12/1 292/13/1 291/11/1
f 349/1/1 378/14/1 377/2/1
f 375/15/1 292/13/1 376/12/1
f 374/16/1 292/13/1 375/15/1
f 373/17/1 292/13/1 374/16/1
f 373/17/1 293/18/1 292/13/1
f 372/19/1 293/18/1 373/17/1
f 371/20/1 293/18/1 372/19/1
f 370/21/1 293/18/1 371/20/1
f 370/21/1 294/22/1 293/18/1
f 369/23/1 294/22/1 370/21/1
f 368/24/1 294/22/1 369/23/1
f 367/25/1 294/22/1 368/24/1
f 367/25/1 295/26/1 294/22/1
f 366/27/1 295/26/1 367/25/1
f 365/28/1 295/26/1 366/27/1
f 365/28/1 296/29/1 295/26/1
f 364/30/1 296/29/1 365/28/1
f 363/31/1 296/29/1 364/30/1
f 363/31/1 297/32/1 296/29/1
f 362/33/1 297/32/1 363/31/1
f 362/33/1 298/34/1 297/32/1
f 361/35/1 298/34/1 362/33/1
f 360/36/1 298/34/1 361/35/1
f 360/36/1 299/37/1 298/34/1
f 359/38/1 299/37/1 360/36/1
f 359/38/1 300/39/1 299/37/1
f 358/40/1 300/39/1 359/38/1
f 358/40/1 301/41/1 300/39/1
f 357/42/1 301/41/1 358/40/1
f 356/43/1 301/41/1 357/42/1
f 356/43/1 302/44/1 301/41/1
f 355/45/1 302/44/1 356/43/1
f 354/46/1 302/44/1 355/45/1
f 354/46/1 303/47/1 302/44/1
f 353/48/1 303/47/1 354/46/1
f 352/49/1 303/47/1 353/48/1
f 349/1/1 347/50/1 378/14/1
f 347/50/1 352/49/1 378/14/1
f 347/50/1 303/47/1 352/49/1
f 347/50/1 304/51/1 303/47/1
f 347/50/1 305/52/1 304/51/1
f 347/50/1 306/53/1 305/52/1
f 347/50/1 307/54/1 306/53/1
f 347/50/1 308/55/1 307/54/1
f 347/50/1 309/56/1 308/55/1
f 347/50/1 310/57/1 309/56/1
f 347/50/1 346/58/1 310/57/1
f 346/58/1 345/59/1 310/57/1
f 345/59/1 311/60/1 310/57/1
f 349/1/1 348/61/1 347/50/1
f 344/62/1 311/60/1 345/59/1
f 343/63/1 311/60/1 344/62/1
f 342/64/1 311/60/1 343/63/1
f 342/64/1 312/65/1 311/60/1
f 341/66/1 312/65/1 342/64/1
f 340/67/1 312/65/1 341/66/1
f 340/67/1 313/68/1 312/65/1
f 339/69/1 313/68/1 340/67/1
f 339/69/1 314/70/1 313/68/1
f 338/71/1 314/70/1 339/69/1
f 338/71/1 315/72/1 314/70/1
f 337/73/1 315/72/1 338/71/1
f 337/73/1 316/74/1 315/72/1
f 336/75/1 316/74/1 337/73/1
f 336/75/1 317/76/1 316/74/1
f 335/77/1 317/76/1 336/75/1
f 335/77/1 318/78/1 317/76/1
f 335/77/1 319/79/1 318/78/1
f 334/80/1 319/79/1 335/77/1
f 334/80/1 320/81/1 319/79/1
f 333/82/1 320/81/1 334/80/1
f 333/82/1 321/83/1 320/81/1
f 333/82/1 322/84/1 321/83/1
f 333/82/1 323/85/1 322/84/1
f 333/82/1 324/86/1 323/85/1
f 333/82/1 325/87/1 324/86/1
f 333/82/1 326/88/1 325/87/1
f 333/82/1 327/89/1 326/88/1
f 333/82/1 328/90/1 327/89/1
f 333/82/1 329/91/1 328/90/1
f 333/82/1 330/92/1 329/91/1
f 333/82/1 331/93/1 330/92/1
f 333/82/1 332/94/1 331/93/1
f 387/189/1 379/5/1 388/190/1
f 379/5/1 389/191/1 388/190/1
f 379/5/1 390/14/1 389/191/1
f 387/189/1 380/192/1 379/5/1
f 387/189/1 383/193/1 380/192/1
f 383/193/1 381/194/1 380/192/1
f 383/193/1 382/195/1 381/194/1
f 387/189/1 384/196/1 383/193/1
f 387/189/1 385/197/1 384/196/1
f 387/189/1 386/198/1 385/197/1
f 455/1/2 456/3/2 483/2/2
f 483/2/2 456/3/2 457/4/2
f 483/2/2 457/4/2 391/5/2
f 483/2/2 391/5/2 392/6/2
f 483/2/2 392/6/2 393/7/2
f 483/2/2 393/7/2 394/8/2
f 483/2/2 394/8/2 395/9/2
f 483/2/2 395/9/2 396/10/2
f 483/2/2 396/10/2 397/11/2
f 483/2/2 397/11/2 482/12/2
f 482/12/2 397/11/2 398/13/2
f 455/1/2 483/2/2 484/14/2
f 481/15/2 482/12/2 398/13/2
f 480/16/2 481/15/2 398/13/2
f 479/17/2 480/16/2 398/13/2
f 479/17/2 398/13/2 399/18/2
f 478/19/2 479/17/2 399/18/2
f 477/20/2 478/19/2 399/18/2
f 476/21/2 477/20/2 399/18/2
f 476/21/2 399/18/2 400/22/2
f 475/23/2 476/21/2 400/22/2
f 474/24/2 475/23/2 400/22/2
f 473/25/2 474/24/2 400/22/2
f 473/25/2 400/22/2 401/26/2
f 472/27/2 473/25/2 401/26/2
f 471/28/2 472/27/2 401/26/2
f 471/28/2 401/26/2 402/29/2
f 470/30/2 471/28/2 402/29/2
f 469/31/2 470/30/2 402/29/2
f 469/31/2 402/29/2 403/32/2
f 468/33/2 469/31/2 403/32/2
f 468/33/2 403/32/2 404/34/2
f 467/35/2 468/33/2 404/34/2
f 466/36/2 467/35/2 404/34/2
f 466/36/2 404/34/2 405/37/2
f 465/38/2 466/36/2 405/37/2
f 465/38/2 405/37/2 406/39/2
f 464/40/2 465/38/2 406/39/2
f 464/40/2 406/39/2 407/41/2
f 463/42/2 464/40/2 407/41/2
f 462/43/2 463/42/2 407/41/2
f 462/43/2 407/41/2 408/44/2
f 461/45/2 462/43/2 408/44/2
f 460/46/2 461/45/2 408/44/2
f 460/46/2 408/44/2 409/47/2
f 459/48/2 460/46/2 409/47/2
f 458/49/2 459/48/2 409/47/2
f 455/1/2 484/14/2 453/50/2
f 453/50/2 484/14/2 458/49/2
f 453/50/2 458/49/2 409/47/2
f 453/50/2 409/47/2 410/51/2
f 453/50/2 410/51/2 411/52/2
f 453/50/2 411/52/2 412/53/2
f 453/50/2 412/53/2 413/54/2
f 453/50/2 413/54/2 414/55/2
f 453/50/2 414/55/2 415/56/2
f 453/50/2 415/56/2 416/57/2
f 453/50/2 416/57/2 452/58/2
f 452/58/2 416/57/2 451/59/2
f 451/59/2 416/57/2 417/60/2
f 455/1/2 453/50/2 454/61/2
f 450/62/2 451/59/2 417/60/2
f 449/63/2 450/62/2 417/60/2
f 448/64/2 449/63/2 417/60/2
f 448/64/2 417/60/2 418/65/2
f 447/66/2 448/64/2 418/65/2
f 446/67/2 447/66/2 418/65/2
f 446/67/2 418/65/2 419/68/2
f 445/69/2 446/67/2 419/68/2
f 445/69/2 419/68/2 420/70/2
f 444/71/2 445/69/2 420/70/2
f 444/71/2 420/70/2 421/72/2
f 443/73/2 444/71/2 421/72/2
f 443/73/2 421/72/2 422/74/2
f 442/75/2 443/73/2 422/74/2
f 442/75/2 422/74/2 423/76/2
f 441/77/2 442/75/2 423/76/2
f 441/77/2 423/76/2 424/78/2
f 441/77/2 424/78/2 425/79/2
f 440/80/2 441/77/2 425/79/2
f 440/80/2 425/79/2 426/81/2
f 439/82/2 440/80/2 426/81/2
f 439/82/2 426/81/2 427/83/2
f 439/82/2 427/83/2 428/84/2
f 439/82/2 428/84/2 429/85/2
f 439/82/2 429/85/2 430/86/2
f 439/82/2 430/86/2 431/87/2
f 439/82/2 431/87/2 432/88/2
f 439/82/2 432/88/2 433/89/2
f 439/82/2 433/89/2 434/90/2
f 439/82/2 434/90/2 435/91/2
f 439/82/2 435/91/2 436/92/2
f 439/82/2 436/92/2 437/93/2
f 439/82/2 437/93/2 438/94/2
f 531/95/2 532/96/2 485/5/2
f 531/95/2 485/5/2 486/97/2
f 530/98/2 531/95/2 486/97/2
f 530/98/2 486/97/2 487/99/2
f 529/100/2 530/98/2 487/99/2
f 529/100/2 487/99/2 488/101/2
f 528/102/2 529/100/2 488/101/2
f 528/102/2 488/101/2 489/103/2
f 527/104/2 528/102/2 489/103/2
f 527/104/2 489/103/2 490/105/2
f 526/106/2 527/104/2 556/107/2
f 556/107/2 527/104/2 490/105/2
f 526/106/2 556/107/2 557/108/2
f 555/109/2 556/107/2 490/105/2
f 554/110/2 555/109/2 490/105/2
f 526/106/2 557/108/2 558/111/2
f 553/112/2 554/110/2 490/105/2
f 526/106/2 558/111/2 559/113/2
f 553/112/2 490/105/2 491/114/2
f 525/115/2 526/106/2 559/113/2
f 552/116/2 553/112/2 491/114/2
f 525/115/2 559/113/2 560/117/2
f 551/118/2 552/116/2 491/114/2
f 525/115/2 560/117/2 561/119/2
f 551/118/2 491/114/2 492/120/2
f 524/121/2 525/115/2 561/119/2
f 550/122/2 551/118/2 492/120/2
f 524/121/2 561/119/2 562/123/2
f 549/124/2 550/122/2 492/120/2
f 524/121/2 562/123/2 563/125/2
f 549/124/2 492/120/2 493/126/2
f 523/127/2 524/121/2 563/125/2
f 548/128/2 549/124/2 493/126/2
f 523/127/2 563/125/2 564/129/2
f 548/128/2 493/126/2 494/130/2
f 522/131/2 523/127/2 564/129/2
f 547/132/2 548/128/2 494/130/2
f 522/131/2 564/129/2 565/133/2
f 546/134/2 547/132/2 494/130/2
f 522/131/2 565/133/2 566/135/2
f 546/134/2 494/130/2 495/136/2
f 521/137/2 522/131/2 566/135/2
f 545/138/2 546/134/2 495/136/2
f 521/137/2 566/135/2 567/139/2
f 545/138/2 495/136/2 496/140/2
f 520/141/2 521/137/2 567/139/2
f 544/142/2 545/138/2 496/140/2
f 520/141/2 567/139/2 568/143/2
f 519/144/2 520/141/2 568/143/2
f 519/144/2 568/143/2 569/145/2
f 543/146/2 544/142/2 496/140/2
f 543/146/2 496/140/2 497/147/2
f 519/144/2 569/145/2 570/148/2
f 542/149/2 543/146/2 497/147/2
f 542/149/2 497/147/2 498/150/2
f 518/151/2 519/144/2 570/148/2
f 518/151/2 570/148/2 571/152/2
f 541/153/2 542/149/2 498/150/2
f 541/153/2 498/150/2 499/154/2
f 517/155/2 518/151/2 571/152/2
f 540/156/2 541/153/2 499/154/2
f 517/155/2 571/152/2 572/157/2
f 540/156/2 499/154/2 500/158/2
f 516/159/2 517/155/2 572/157/2
f 539/160/2 540/156/2 500/158/2
f 516/159/2 572/157/2 573/161/2
f 538/162/2 539/160/2 500/158/2
f 516/159/2 573/161/2 574/163/2
f 538/162/2 500/158/2 501/164/2
f 515/165/2 516/159/2 574/163/2
f 537/166/2 538/162/2 501/164/2
f 515/165/2 574/163/2 575/167/2
f 536/168/2 537/166/2 501/164/2
f 515/165/2 575/167/2 576/169/2
f 536/168/2 501/164/2 502/170/2
f 514/171/2 515/165/2 576/169/2
f 535/172/2 536/168/2 502/170/2
f 514/171/2 576/169/2 577/173/2
f 534/174/2 535/172/2 502/170/2
f 514/171/2 577/173/2 578/175/2
f 534/174/2 502/170/2 503/176/2
f 513/177/2 514/171/2 578/175/2
f 533/178/2 534/174/2 503/176/2
f 513/177/2 578/175/2 579/179/2
f 580/14/2 533/178/2 503/176/2
f 513/177/2 579/179/2 580/14/2
f 513/177/2 580/14/2 503/176/2
f 513/177/2 503/176/2 504/180/2
f 512/181/2 513/177/2 504/180/2
f 512/181/2 504/180/2 505/182/2
f 511/183/2 512/181/2 505/182/2
f 511/183/2 505/182/2 506/184/2
f 510/185/2 511/183/2 506/184/2
f 510/185/2 506/184/2 507/186/2
f 509/187/2 510/185/2 507/186/2
f 509/187/2 507/186/2 508/188/2
f 645/1/2 646/3/2 673/2/2
f 673/2/2 646/3/2 647/4/2
f 673/2/2 647/4/2 581/5/2
f 673/2/2 581/5/2 582/6/2
f 673/2/2 582/6/2 583/7/2
f 673/2/2 583/7/2 584/8/2
f 673/2/2 584/8/2 585/9/2
f 673/2/2 585/9/2 586/10/2
f 673/2/2 586/10/2 587/11/2
f 673/2/2 587/11/2 672/12/2
f 672/12/2 587/11/2 588/13/2
f 645/1/2 673/2/2 674/14/2
f 671/15/2 672/12/2 588/13/2
f 670/16/2 671/15/2 588/13/2
f 669/17/2 670/16/2 588/13/2
f 669/17/2 588/13/2 589/18/2
f 668/19/2 669/17/2 589/18/2
f 667/20/2 668/19/2 589/18/2
f 666/21/2 667/20/2 589/18/2
f 666/21/2 589/18/2 590/22/2
f 665/23/2 666/21/2 590/22/2
f 664/24/2 665/23/2 590/22/2
f 663/25/2 664/24/2 590/22/2
f 663/25/2 590/22/2 591/26/2
f 662/27/2 663/25/2 591/26/2
f 661/28/2 662/27/2 591/26/2
f 661/28/2 591/26/2 592/29/2
f 660/30/2 661/28/2 592/29/2
f 659/31/2 660/30/2 592/29/2
f 659/31/2 592/29/2 593/32/2
f 658/33/2 659/31/2 593/32/2
f 658/33/2 593/32/2 594/34/2
f 657/35/2 658/33/2 594/34/2
f 656/36/2 657/35/2 594/34/2
f 656/36/2 594/34/2 595/37/2
f 655/38/2 656/36/2 595/37/2
f 655/38/2 595/37/2 596/39/2
f 654/40/2 655/38/2 596/39/2
f 654/40/2 596/39/2 597/41/2
f 653/42/2 654/40/2 597/41/2
f 652/43/2 653/42/2 597/41/2
f 652/43/2 597/41/2 598/44/2
f 651/45/2 652/43/2 598/44/2
f 650/46/2 651/45/2 598/44/2
f 650/46/2 598/44/2 599/47/2
f 649/48/2 650/46/2 599/47/2
f 648/49/2 649/48/2 599/47/2
f 645/1/2 674/14/2 643/50/2
f 643/50/2 674/14/2 648/49/2
f 643/50/2 648/49/2 599/47/2
f 643/50/2 599/47/2 600/51/2
f 643/50/2 600/51/2 601/52/2
f 643/50/2 601/52/2 602/53/2
f 643/50/2 602/53/2 603/54/2
f 643/50/2 603/54/2 604/55/2
f 643/50/2 604/55/2 605/56/2
f 643/50/2 605/56/2 606/57/2
f 643/50/2 606/57/2 642/58/2
f 642/58/2 606/57/2 641/59/2
f 641/59/2 606/57/2 607/60/2
f 645/1/2 643/50/2 644/61/2
f 640/62/2 641/59/2 607/60/2
f 639/63/2 640/62/2 607/60/2
f 638/64/2 639/63/2 607/60/2
f 638/64/2 607/60/2 608/65/2
f 637/66/2 638/64/2 608/65/2
f 636/67/2 637/66/2 608/65/2
f 636/67/2 608/65/2 609/68/2
f 635/69/2 636/67/2 609/68/2
f 635/69/2 609/68/2 610/70/2
f 634/71/2 635/69/2 610/70/2
f 634/71/2 610/70/2 611/72/2
f 633/73/2 634/71/2 611/72/2
f 633/73/2 611/72/2 612/74/2
f 632/75/2 633/73/2 612/74/2
f 632/75/2 612/74/2 613/76/2
f 631/77/2 632/75/2 613/76/2
f 631/77/2 613/76/2 614/78/2
f 631/77/2 614/78/2 615/79/2
f 630/80/2 631/77/2 615/79/2
f 630/80/2 615/79/2 616/81/2
f 629/82/2 630/80/2 616/81/2
f 629/82/2 616/81/2 617/83/2
f 629/82/2 617/83/2 618/84/2
f 629/82/2 618/84/2 619/85/2
f 629/82/2 619/85/2 620/86/2
f 629/82/2 620/86/2 621/87/2
f 629/82/2 621/87/2 622/88/2
f 629/82/2 622/88/2 623/89/2
f 629/82/2 623/89/2 624/90/2
f 629/82/2 624/90/2 625/91/2
f 629/82/2 625/91/2 626/92/2
f 629/82/2 626/92/2 627/93/2
f 629/82/2 627/93/2 628/94/2
f 739/1/2 740/3/2 767/2/2
f 767/2/2 740/3/2 741/4/2
f 767/2/2 741/4/2 675/5/2
f 767/2/2 675/5/2 676/6/2
f 767/2/2 676/6/2 677/7/2
f 767/2/2 677/7/2 678/8/2
f 767/2/2 678/8/2 679/9/2
f 767/2/2 679/9/2 680/10/2
f 767/2/2 680/10/2 681/11/2
f 767/2/2 681/11/2 766/12/2
f 766/12/2 681/11/2 682/13/2
f 739/1/2 767/2/2 768/14/2
f 765/15/2 766/12/2 682/13/2
f 764/16/2 765/15/2 682/13/2
f 763/17/2 764/16/2 682/13/2
f 763/17/2 682/13/2 683/18/2
f 762/19/2 763/17/2 683/18/2
f 761/20/2 762/19/2 683/18/2
f 760/21/2 761/20/2 683/18/2
f 760/21/2 683/18/2 684/22/2
f 759/23/2 760/21/2 684/22/2
f 758/24/2 759/23/2 684/22/2
f 757/25/2 758/24/2 684/22/2
f 757/25/2 684/22/2 685/26/2
f 756/27/2 757/25/2 685/26/2
f 755/28/2 756/27/2 685/26/2
f 755/28/2 685/26/2 686/29/2
f 754/30/2 755/28/2 686/29/2
f 753/31/2 754/30/2 686/29/2
f 753/31/2 686/29/2 687/32/2
f 752/33/2 753/31/2 687/32/2
f 752/33/2 687/32/2 688/34/2
f 751/35/2 752/33/2 688/34/2
f 750/36/2 751/35/2 688/34/2
f 750/36/2 688/34/2 689/37/2
f 749/38/2 750/36/2 689/37/2
f 749/38/2 689/37/2 690/39/2
f 748/40/2 749/38/2 690/39/2
f 748/40/2 690/39/2 691/41/2
f 747/42/2 748/40/2 691/41/2
f 746/43/2 747/42/2 691/41/2
f 746/43/2 691/41/2 692/44/2
f 745/45/2 746/43/2 692/44/2
f 744/46/2 745/45/2 692/44/2
f 744/46/2 692/44/2 693/47/2
f 743/48/2 744/46/2 693/47/2
f 742/49/2 743/48/2 693/47/2
f 739/1/2 768/14/2 737/50/2
f 737/50/2 768/14/2 742/49/2
f 737/50/2 742/49/2 693/47/2
f 737/50/2 693/47/2 694/51/2
f 737/50/2 694/51/2 695/52/2
f 737/50/2 695/52/2 696/53/2
f 737/50/2 696/53/2 697/54/2
f 737/50/2 697/54/2 698/55/2
f 737/50/2 698/55/2 699/56/2
f 737/50/2 699/56/2 700/57/2
f 737/50/2 700/57/2 736/58/2
f 736/58/2 700/57/2 735/59/2
f 735/59/2 700/57/2 701/60/2
f 739/1/2 737/50/2 738/61/2
f 734/62/2 735/59/2 701/60/2
f 733/63/2 734/62/2 701/60/2
f 732/64/2 733/63/2 701/60/2
f 732/64/2 701/60/2 702/65/2
f 731/66/2 732/64/2 702/65/2
f 730/67/2 731/66/2 702/65/2
f 730/67/2 702/65/2 703/68/2
f 729/69/2 730/67/2 703/68/2
f 729/69/2 703/68/2 704/70/2
f 728/71/2 729/69/2 704/70/2
f 728/71/2 704/70/2 705/72/2
f 727/73/2 728/71/2 705/72/2
f 727/73/2 705/72/2 706/74/2
f 726/75/2 727/73/2 706/74/2
f 726/75/2 706/74/2 707/76/2
f 725/77/2 726/75/2 707/76/2
f 725/77/2 707/76/2 708/78/2
f 725/77/2 708/78/2 709/79/2
f 724/80/2 725/77/2 709/79/2
f 724/80/2 709/79/2 710/81/2
f 723/82/2 724/80/2 710/81/2
f 723/82/2 710/81/2 711/83/2
f 723/82/2 711/83/2 712/84/2
f 723/82/2 712/84/2 713/85/2
f 723/82/2 713/85/2 714/86/2
f 723/82/2 714/86/2 715/87/2
f 723/82/2 715/87/2 716/88/2
f 723/82/2 716/88/2 717/89/2
f 723/82/2 717/89/2 718/90/2
f 723/82/2 718/90/2 719/91/2
f 723/82/2 719/91/2 720/92/2
f 723/82/2 720/92/2 721/93/2
f 723/82/2 721/93/2 722/94/2
f 777/189/2 778/190/2 769/5/2
f 769/5/2 778/190/2 779/191/2
f 769/5/2 779/191/2 780/14/2
f 777/189/2 769/5/2 770/192/2
f 777/189/2 770/192/2 773/193/2
f 773/193/2 770/192/2 771/194/2
f 773/193/2 771/194/2 772/195/2
f 777/189/2 773/193/2 774/196/2
f 777/189/2 774/196/2 775/197/2
f 777/189/2 775/197/2 776/198/2
f 784/199/3 781/5/3 782/200/3
f 786/201/4 783/202/4 784/199/4
f 788/203/3 785/204/3 786/201/3
f 790/205/5 787/206/5 788/203/5
f 792/207/3 789/74/3 790/205/3
f 794/208/4 791/209/4 792/207/4
f 796/210/3 793/211/3 794/208/3
f 798/212/5 795/213/5 796/210/5
f 800/214/6 797/50/6 798/212/6
f 802/215/4 799/216/4 800/214/4
f 804/217/3 801/218/3 802/215/3
f 782/219/5 803/220/5 804/217/5
f 808/221/7 805/5/7 806/200/7
f 810/222/8 807/223/8 808/221/8
f 812/224/9 809/225/9 810/222/9
f 814/226/10 811/227/10 812/224/10
f 816/228/11 813/229/11 814/226/11
f 818/230/12 815/231/12 816/228/12
f 820/232/13 817/233/13 818/230/13
f 822/234/14 819/235/14 820/232/14
f 824/236/15 821/237/15 822/234/15
f 826/238/16 823/239/16 824/236/16
f 828/240/17 825/241/17 826/238/17
f 830/242/18 827/243/18 828/240/18
f 832/244/19 829/245/19 830/242/19
f 834/246/20 831/247/20 832/244/20
f 836/248/21 833/249/21 834/246/21
f 838/250/22 835/251/22 836/248/22
f 840/252/23 837/253/23 838/250/23
f 842/254/24 839/255/24 840/252/24
f 844/256/25 841/257/25 842/254/25
f 846/258/26 843/259/26 844/256/26
f 848/260/27 845/261/27 846/258/27
f 850/262/28 847/263/28 848/260/28
f 852/264/29 849/265/29 850/262/29
f 854/266/30 851/267/30 852/264/30
f 856/268/31 853/269/31 854/266/31
f 858/270/32 855/271/32 856/268/32
f 860/272/33 857/273/33 858/270/33
f 862/274/34 859/275/34 860/272/34
f 864/276/35 861/277/35 862/274/35
f 866/278/36 863/279/36 864/276/36
f 868/280/37 865/281/37 866/278/37
f 870/282/38 867/283/38 868/280/38
f 872/284/39 869/285/39 870/282/39
f 874/286/40 871/287/40 872/284/40
f 876/288/41 873/289/41 874/286/41
f 878/290/42 875/291/42 876/288/42
f 880/292/43 877/293/43 878/290/43
f 882/294/44 879/295/44 880/292/44
f 884/296/45 881/297/45 882/294/45
f 886/298/46 883/299/46 884/296/46
f 888/300/47 885/301/47 886/298/47
f 890/302/48 887/303/48 888/300/48
f 892/304/49 889/305/49 890/302/49
f 894/306/50 891/307/50 892/304/50
f 896/308/51 893/309/51 894/306/51
f 898/310/52 895/311/52 896/308/52
f 900/312/53 897/313/53 898/310/53
f 902/314/5 899/315/5 900/312/5
f 904/316/54 901/317/54 902/314/54
f 906/318/55 903/319/55 904/316/55
f 908/320/56 905/321/56 906/318/56
f 910/322/57 907/323/57 908/320/57
f 912/324/58 909/325/58 910/322/58
f 914/326/59 911/327/59 912/324/59
f 916/328/60 913/329/60 914/326/60
f 918/330/61 915/331/61 916/328/61
f 920/332/62 917/333/62 918/330/62
f 922/334/63 919/335/63 920/332/63
f 924/336/64 921/337/64 922/334/64
f 926/338/65 923/339/65 924/336/65
f 928/340/66 925/341/66 926/338/66
f 930/342/5 927/343/5 928/340/5
f 932/344/3 929/345/3 930/342/3
f 934/346/5 931/347/5 932/344/5
f 936/348/6 933/349/6 934/346/6
f 938/350/4 935/351/4 936/348/4
f 806/219/67 937/352/67 938/350/67
f 939/5/68 942/353/68 940/200/68
f 941/354/69 944/355/69 942/353/69
f 943/356/70 946/357/70 944/355/70
f 945/358/71 948/359/71 946/357/71
f 947/360/72 950/361/72 948/359/72
f 949/362/73 952/363/73 950/361/73
f 951/364/74 954/365/74 952/363/74
f 953/366/75 956/367/75 954/365/75
f 955/368/76 958/205/76 956/367/76
f 957/74/77 960/369/77 958/205/77
f 959/370/78 962/371/78 960/369/78
f 961/372/79 964/373/79 962/371/79
f 963/374/80 966/375/80 964/373/80
f 965/376/81 968/377/81 966/375/81
f 967/378/82 970/379/82 968/377/82
f 969/380/83 972/381/83 970/379/83
f 971/382/84 974/383/84 972/381/84
f 973/384/85 976/212/85 974/383/85
f 975/50/86 978/385/86 976/212/86
f 977/386/87 980/387/87 978/385/87
f 979/388/88 982/389/88 980/387/88
f 981/390/89 984/391/89 982/389/89
f 983/392/90 986/393/90 984/391/90
f 985/394/91 988/395/91 986/393/91
f 987/396/4 990/397/4 988/395/4
f 989/398/6 992/399/6 990/397/6
f 991/400/5 940/219/5 992/399/5
f 996/221/7 993/5/7 994/200/7
f 998/222/8 995/223/8 996/221/8
f 1000/224/9 997/225/9 998/222/9
f 1002/226/10 999/227/10 1000/224/10
f 1004/228/11 1001/229/11 1002/226/11
f 1006/230/12 1003/231/12 1004/228/12
f 1008/232/13 1005/233/13 1006/230/13
f 1010/234/14 1007/235/14 1008/232/14
f 1012/236/15 1009/237/15 1010/234/15
f 1014/238/92 1011/239/92 1012/236/92
f 1016/240/17 1013/241/17 1014/238/17
f 1018/242/18 1015/243/18 1016/240/18
f 1020/244/19 1017/245/19 1018/242/19
f 1022/246/20 1019/247/20 1020/244/20
f 1024/248/21 1021/249/21 1022/246/21
f 1026/250/22 1023/251/22 1024/248/22
f 1028/252/23 1025/253/23 1026/250/23
f 1030/254/24 1027/255/24 1028/252/24
f 1032/256/25 1029/257/25 1030/254/25
f 1034/258/26 1031/259/26 1032/256/26
f 1036/260/27 1033/261/27 1034/258/27
f 1038/262/28 1035/263/28 1036/260/28
f 1040/264/29 1037/265/29 1038/262/29
f 1042/266/30 1039/267/30 1040/264/30
f 1044/268/31 1041/269/31 1042/266/31
f 1046/270/93 1043/271/93 1044/268/93
f 1048/272/33 1045/273/33 1046/270/33
f 1050/274/34 1047/275/34 1048/272/34
f 1052/276/35 1049/277/35 1050/274/35
f 1054/278/36 1051/279/36 1052/276/36
f 1056/280/37 1053/281/37 1054/278/37
f 1058/282/38 1055/283/38 1056/280/38
f 1060/284/39 1057/285/39 1058/282/39
f 1062/286/40 1059/287/40 1060/284/40
f 1064/288/41 1061/289/41 1062/286/41
f 1066/290/94 1063/291/94 1064/288/94
f 1068/292/43 1065/293/43 1066/290/43
f 1070/294/44 1067/295/44 1068/292/44
f 1072/296/45 1069/297/45 1070/294/45
f 1074/298/46 1071/299/46 1072/296/46
f 1076/300/47 1073/301/47 1074/298/47
f 1078/302/48 1075/303/48 1076/300/48
f 1080/304/49 1077/305/49 1078/302/49
f 1082/306/50 1079/307/50 1080/304/50
f 1084/308/51 1081/309/51 1082/306/51
f 1086/310/52 1083/311/52 1084/308/52
f 1088/312/53 1085/313/53 1086/310/53
f 1090/314/5 1087/315/5 1088/312/5
f 1092/316/54 1089/317/54 1090/314/54
f 1094/318/55 1091/319/55 1092/316/55
f 1096/320/56 1093/321/56 1094/318/56
f 1098/322/57 1095/323/57 1096/320/57
f 1100/324/58 1097/325/58 1098/322/58
f 1102/326/59 1099/327/59 1100/324/59
f 1104/328/60 1101/329/60 1102/326/60
f 1106/330/61 1103/331/61 1104/328/61
f 1108/332/62 1105/333/62 1106/330/62
f 1110/334/63 1107/335/63 1108/332/63
f 1112/336/64 1109/337/64 1110/334/64
f 1114/338/65 1111/339/65 1112/336/65
f 1116/340/66 1113/341/66 1114/338/66
f 1118/342/5 1115/343/5 1116/340/5
f 1120/344/3 1117/345/3 1118/342/3
f 1122/346/5 1119/347/5 1120/344/5
f 1124/348/6 1121/349/6 1122/346/6
f 1126/350/4 1123/351/4 1124/348/4
f 994/219/67 1125/352/67 1126/350/67
f 1127/5/68 1130/353/68 1128/200/68
f 1129/354/69 1132/355/69 1130/353/69
f 1131/356/70 1134/357/70 1132/355/70
f 1133/358/71 1136/359/71 1134/357/71
f 1135/360/72 1138/361/72 1136/359/72
f 1137/362/73 1140/363/73 1138/361/73
f 1139/364/74 1142/365/74 1140/363/74
f 1141/366/75 1144/367/75 1142/365/75
f 1143/368/76 1146/205/76 1144/367/76
f 1145/74/77 1148/369/77 1146/205/77
f 1147/370/95 1150/371/95 1148/369/95
f 1149/372/96 1152/373/96 1150/371/96
f 1151/374/80 1154/375/80 1152/373/80
f 1153/376/81 1156/377/81 1154/375/81
f 1155/378/82 1158/379/82 1156/377/82
f 1157/380/83 1160/381/83 1158/379/83
f 1159/382/84 1162/383/84 1160/381/84
f 1161/384/85 1164/212/85 1162/383/85
f 1163/50/86 1166/385/86 1164/212/86
f 1165/386/87 1168/387/87 1166/385/87
f 1167/388/97 1170/389/97 1168/387/97
f 1169/390/89 1172/391/89 1170/389/89
f 1171/392/90 1174/393/90 1172/391/90
f 1173/394/91 1176/395/91 1174/393/91
f 1175/396/4 1178/397/4 1176/395/4
f 1177/398/6 1180/399/6 1178/397/6
f 1179/400/5 1128/219/5 1180/399/5
f 1184/401/98 1181/5/98 1182/200/98
f 1186/402/99 1183/403/99 1184/401/99
f 1188/404/100 1185/405/100 1186/402/100
f 1190/199/101 1187/406/101 1188/404/101
f 1192/407/102 1189/202/102 1190/199/102
f 1194/408/103 1191/409/103 1192/407/103
f 1196/410/104 1193/411/104 1194/408/104
f 1198/201/105 1195/412/105 1196/410/105
f 1200/413/106 1197/204/106 1198/201/106
f 1202/414/107 1199/415/107 1200/413/107
f 1204/416/108 1201/417/108 1202/414/108
f 1206/203/109 1203/418/109 1204/416/109
f 1208/419/110 1205/206/110 1206/203/110
f 1210/420/111 1207/421/111 1208/419/111
f 1212/422/112 1209/423/112 1210/420/112
f 1214/205/113 1211/424/113 1212/422/113
f 1216/425/114 1213/74/114 1214/205/114
f 1218/426/115 1215/427/115 1216/425/115
f 1220/428/116 1217/429/116 1218/426/116
f 1222/207/117 1219/430/117 1220/428/117
f 1224/431/118 1221/209/118 1222/207/118
f 1226/432/119 1223/433/119 1224/431/119
f 1228/434/120 1225/435/120 1226/432/120
f 1230/208/121 1227/436/121 1228/434/121
f 1232/437/122 1229/211/122 1230/208/122
f 1234/438/123 1231/439/123 1232/437/123
f 1236/440/124 1233/441/124 1234/438/124
f 1238/210/125 1235/442/125 1236/440/125
f 1240/443/126 1237/213/126 1238/210/126
f 1242/444/127 1239/445/127 1240/443/127
f 1244/446/128 1241/447/128 1242/444/128
f 1246/212/129 1243/448/129 1244/446/129
f 1248/449/130 1245/50/130 1246/212/130
f 1250/450/131 1247/451/131 1248/449/131
f 1252/452/132 1249/453/132 1250/450/132
f 1254/214/133 1251/454/133 1252/452/133
f 1256/455/134 1253/216/134 1254/214/134
f 1258/456/135 1255/457/135 1256/455/135
f 1260/458/136 1257/459/136 1258/456/136
f 1262/215/137 1259/460/137 1260/458/137
f 1264/461/138 1261/218/138 1262/215/138
f 1266/462/139 1263/463/139 1264/461/139
f 1268/464/140 1265/465/140 1266/462/140
f 1270/217/141 1267/466/141 1268/464/141
f 1272/467/142 1269/220/142 1270/217/142
f 1274/468/143 1271/469/143 1272/467/143
f 1276/470/144 1273/471/144 1274/468/144
f 1182/219/145 1275/472/145 1276/470/145
f 1277/5/146 1280/401/146 1278/200/146
f 1279/403/147 1282/402/147 1280/401/147
f 1281/405/148 1284/404/148 1282/402/148
f 1283/406/149 1286/199/149 1284/404/149
f 1285/202/150 1288/407/150 1286/199/150
f 1287/409/151 1290/408/151 1288/407/151
f 1289/411/152 1292/410/152 1290/408/152
f 1291/412/153 1294/201/153 1292/410/153
f 1293/204/154 1296/413/154 1294/201/154
f 1295/415/155 1298/414/155 1296/413/155
f 1297/417/156 1300/416/156 1298/414/156
f 1299/418/157 1302/203/157 1300/416/157
f 1301/206/158 1304/419/158 1302/203/158
f 1303/421/159 1306/420/159 1304/419/159
f 1305/423/160 1308/422/160 1306/420/160
f 1307/424/161 1310/205/161 1308/422/161
f 1309/74/162 1312/425/162 1310/205/162
f 1311/427/163 1314/426/163 1312/425/163
f 1313/429/164 1316/428/164 1314/426/164
f 1315/430/165 1318/207/165 1316/428/165
f 1317/209/166 1320/431/166 1318/207/166
f 1319/433/167 1322/432/167 1320/431/167
f 1321/435/168 1324/434/168 1322/432/168
f 1323/436/169 1326/208/169 1324/434/169
f 1325/211/170 1328/437/170 1326/208/170
f 1327/439/171 1330/438/171 1328/437/171
f 1329/441/172 1332/440/172 1330/438/172
f 1331/442/173 1334/210/173 1332/440/173
f 1333/213/174 1336/443/174 1334/210/174
f 1335/445/175 1338/444/175 1336/443/175
f 1337/447/176 1340/446/176 1338/444/176
f 1339/448/177 1342/212/177 1340/446/177
f 1341/50/178 1344/449/178 1342/212/178
f 1343/451/179 1346/450/179 1344/449/179
f 1345/453/180 1348/452/180 1346/450/180
f 1347/454/132 1350/214/132 1348/452/132
f 1349/216/181 1352/455/181 1350/214/181
f 1351/457/182 1354/456/182 1352/455/182
f 1353/459/183 1356/458/183 1354/456/183
f 1355/460/184 1358/215/184 1356/458/184
f 1357/218/185 1360/461/185 1358/215/185
f 1359/463/186 1362/462/186 1360/461/186
f 1361/465/187 1364/464/187 1362/462/187
f 1363/466/188 1366/217/188 1364/464/188
f 1365/220/189 1368/467/189 1366/217/189
f 1367/469/190 1370/468/190 1368/467/190
f 1369/471/191 1372/470/191 1370/468/191
f 1371/472/192 1278/219/192 1372/470/192
f 1376/221/7 1373/5/7 1374/200/7
f 1378/222/8 1375/223/8 1376/221/8
f 1380/224/9 1377/225/9 1378/222/9
f 1382/226/10 1379/227/10 1380/224/10
f 1384/228/11 1381/229/11 1382/226/11
f 1386/230/12 1383/231/12 1384/228/12
f 1388/232/193 1385/233/193 1386/230/193
f 1390/234/14 1387/235/14 1388/232/14
f 1392/236/15 1389/237/15 1390/234/15
f 1394/238/92 1391/239/92 1392/236/92
f 1396/240/194 1393/241/194 1394/238/194
f 1398/242/18 1395/243/18 1396/240/18
f 1400/244/195 1397/245/195 1398/242/195
f 1402/246/20 1399/247/20 1400/244/20
f 1404/248/21 1401/249/21 1402/246/21
f 1406/250/22 1403/251/22 1404/248/22
f 1408/252/23 1405/253/23 1406/250/23
f 1410/254/24 1407/255/24 1408/252/24
f 1412/256/25 1409/257/25 1410/254/25
f 1414/258/26 1411/259/26 1412/256/26
f 1416/260/27 1413/261/27 1414/258/27
f 1418/262/28 1415/263/28 1416/260/28
f 1420/264/29 1417/265/29 1418/262/29
f 1422/266/30 1419/267/30 1420/264/30
f 1424/268/31 1421/269/31 1422/266/31
f 1426/270/32 1423/271/32 1424/268/32
f 1428/272/196 1425/273/196 1426/270/196
f 1430/274/34 1427/275/34 1428/272/34
f 1432/276/35 1429/277/35 1430/274/35
f 1434/278/36 1431/279/36 1432/276/36
f 1436/280/197 1433/281/197 1434/278/197
f 1438/282/38 1435/283/38 1436/280/38
f 1440/284/39 1437/285/39 1438/282/39
f 1442/286/40 1439/287/40 1440/284/40
f 1444/288/41 1441/289/41 1442/286/41
f 1446/290/42 1443/291/42 1444/288/42
f 1448/292/43 1445/293/43 1446/290/43
f 1450/294/44 1447/295/44 1448/292/44
f 1452/296/198 1449/297/198 1450/294/198
f 1454/298/46 1451/299/46 1452/296/46
f 1456/300/47 1453/301/47 1454/298/47
f 1458/302/199 1455/303/199 1456/300/199
f 1460/304/49 1457/305/49 1458/302/49
f 1462/306/50 1459/307/50 1460/304/50
f 1464/308/51 1461/309/51 1462/306/51
f 1466/310/52 1463/311/52 1464/308/52
f 1468/312/53 1465/313/53 1466/310/53
f 1470/314/5 1467/315/5 1468/312/5
f 1472/316/54 1469/317/54 1470/314/54
f 1474/318/55 1471/319/55 1472/316/55
f 1476/320/56 1473/321/56 1474/318/56
f 1478/322/57 1475/323/57 1476/320/57
f 1480/324/58 1477/325/58 1478/322/58
f 1482/326/59 1479/327/59 1480/324/59
f 1484/328/60 1481/329/60 1482/326/60
f 1486/330/61 1483/331/61 1484/328/61
f 1488/332/62 1485/333/62 1486/330/62
f 1490/334/63 1487/335/63 1488/332/63
f 1492/336/64 1489/337/64 1490/334/64
f 1494/338/65 1491/339/65 1492/336/65
f 1496/340/66 1493/341/66 1494/338/66
f 1498/342/5 1495/343/5 1496/340/5
f 1500/344/3 1497/345/3 1498/342/3
f 1502/346/5 1499/347/5 1500/344/5
f 1504/348/6 1501/349/6 1502/346/6
f 1506/350/4 1503/351/4 1504/348/4
f 1374/219/67 1505/352/67 1506/350/67
f 1507/5/68 1510/353/68 1508/200/68
f 1509/354/69 1512/355/69 1510/353/69
f 1511/356/200 1514/357/200 1512/355/200
f 1513/358/71 1516/359/71 1514/357/71
f 1515/360/72 1518/361/72 1516/359/72
f 1517/362/73 1520/363/73 1518/361/73
f 1519/364/74 1522/365/74 1520/363/74
f 1521/366/75 1524/367/75 1522/365/75
f 1523/368/76 1526/205/76 1524/367/76
f 1525/74/77 1528/369/77 1526/205/77
f 1527/370/95 1530/371/95 1528/369/95
f 1529/372/79 1532/373/79 1530/371/79
f 1531/374/80 1534/375/80 1532/373/80
f 1533/376/81 1536/377/81 1534/375/81
f 1535/378/82 1538/379/82 1536/377/82
f 1537/380/83 1540/381/83 1538/379/83
f 1539/382/84 1542/383/84 1540/381/84
f 1541/384/85 1544/212/85 1542/383/85
f 1543/50/86 1546/385/86 1544/212/86
f 1545/386/87 1548/387/87 1546/385/87
f 1547/388/88 1550/389/88 1548/387/88
f 1549/390/89 1552/391/89 1550/389/89
f 1551/392/90 1554/393/90 1552/391/90
f 1553/394/91 1556/395/91 1554/393/91
f 1555/396/4 1558/397/4 1556/395/4
f 1557/398/6 1560/399/6 1558/397/6
f 1559/400/5 1508/219/5 1560/399/5
f 784/199/3 783/202/3 781/5/3
f 786/201/4 785/204/4 783/202/4
f 788/203/3 787/206/3 785/204/3
f 790/205/5 789/74/5 787/206/5
f 792/207/3 791/209/3 789/74/3
f 794/208/4 793/211/4 791/209/4
f 796/210/3 795/213/3 793/211/3
f 798/212/5 797/50/5 795/213/5
f 800/214/6 799/216/6 797/50/6
f 802/215/4 801/218/4 799/216/4
f 804/217/3 803/220/3 801/218/3
f 782/219/5 781/14/5 803/220/5
f 808/221/7 807/223/7 805/5/7
f 810/222/8 809/225/8 807/223/8
f 812/224/9 811/227/9 809/225/9
f 814/226/10 813/229/10 811/227/10
f 816/228/11 815/231/11 813/229/11
f 818/230/12 817/233/12 815/231/12
f 820/232/193 819/235/193 817/233/193
f 822/234/14 821/237/14 819/235/14
f 824/236/15 823/239/15 821/237/15
f 826/238/16 825/241/16 823/239/16
f 828/240/17 827/243/17 825/241/17
f 830/242/18 829/245/18 827/243/18
f 832/244/19 831/247/19 829/245/19
f 834/246/20 833/249/20 831/247/20
f 836/248/21 835/251/21 833/249/21
f 838/250/22 837/253/22 835/251/22
f 840/252/23 839/255/23 837/253/23
f 842/254/24 841/257/24 839/255/24
f 844/256/25 843/259/25 841/257/25
f 846/258/26 845/261/26 843/259/26
f 848/260/27 847/263/27 845/261/27
f 850/262/28 849/265/28 847/263/28
f 852/264/29 851/267/29 849/265/29
f 854/266/30 853/269/30 851/267/30
f 856/268/31 855/271/31 853/269/31
f 858/270/32 857/273/32 855/271/32
f 860/272/33 859/275/33 857/273/33
f 862/274/34 861/277/34 859/275/34
f 864/276/35 863/279/35 861/277/35
f 866/278/36 865/281/36 863/279/36
f 868/280/37 867/283/37 865/281/37
f 870/282/38 869/285/38 867/283/38
f 872/284/39 871/287/39 869/285/39
f 874/286/40 873/289/40 871/287/40
f 876/288/41 875/291/41 873/289/41
f 878/290/42 877/293/42 875/291/42
f 880/292/43 879/295/43 877/293/43
f 882/294/44 881/297/44 879/295/44
f 884/296/201 883/299/201 881/297/201
f 886/298/46 885/301/46 883/299/46
f 888/300/47 887/303/47 885/301/47
f 890/302/199 889/305/199 887/303/199
f 892/304/49 891/307/49 889/305/49
f 894/306/50 893/309/50 891/307/50
f 896/308/51 895/311/51 893/309/51
f 898/310/52 897/313/52 895/311/52
f 900/312/53 899/315/53 897/313/53
f 902/314/5 901/317/5 899/315/5
f 904/316/54 903/319/54 901/317/54
f 906/318/55 905/321/55 903/319/55
f 908/320/56 907/323/56 905/321/56
f 910/322/57 909/325/57 907/323/57
f 912/324/58 911/327/58 909/325/58
f 914/326/59 913/329/59 911/327/59
f 916/328/60 915/331/60 913/329/60
f 918/330/61 917/333/61 915/331/61
f 920/332/62 919/335/62 917/333/62
f 922/334/63 921/337/63 919/335/63
f 924/336/64 923/339/64 921/337/64
f 926/338/65 925/341/65 923/339/65
f 928/340/66 927/343/66 925/341/66
f 930/342/5 929/345/5 927/343/5
f 932/344/3 931/347/3 929/345/3
f 934/346/5 933/349/5 931/347/5
f 936/348/6 935/351/6 933/349/6
f 938/350/4 937/352/4 935/351/4
f 806/219/67 805/14/67 937/352/67
f 939/5/68 941/354/68 942/353/68
f 941/354/69 943/356/69 944/355/69
f 943/356/70 945/358/70 946/357/70
f 945/358/71 947/360/71 948/359/71
f 947/360/72 949/362/72 950/361/72
f 949/362/73 951/364/73 952/363/73
f 951/364/74 953/366/74 954/365/74
f 953/366/75 955/368/75 956/367/75
f 955/368/76 957/74/76 958/205/76
f 957/74/77 959/370/77 960/369/77
f 959/370/95 961/372/95 962/371/95
f 961/372/96 963/374/96 964/373/96
f 963/374/80 965/376/80 966/375/80
f 965/376/81 967/378/81 968/377/81
f 967/378/82 969/380/82 970/379/82
f 969/380/83 971/382/83 972/381/83
f 971/382/84 973/384/84 974/383/84
f 973/384/85 975/50/85 976/212/85
f 975/50/86 977/386/86 978/385/86
f 977/386/87 979/388/87 980/387/87
f 979/388/88 981/390/88 982/389/88
f 981/390/89 983/392/89 984/391/89
f 983/392/90 985/394/90 986/393/90
f 985/394/91 987/396/91 988/395/91
f 987/396/4 989/398/4 990/397/4
f 989/398/6 991/400/6 992/399/6
f 991/400/5 939/14/5 940/219/5
f 996/221/7 995/223/7 993/5/7
f 998/222/8 997/225/8 995/223/8
f 1000/224/9 999/227/9 997/225/9
f 1002/226/10 1001/229/10 999/227/10
f 1004/228/11 1003/231/11 1001/229/11
f 1006/230/12 1005/233/12 1003/231/12
f 1008/232/13 1007/235/13 1005/233/13
f 1010/234/14 1009/237/14 1007/235/14
f 1012/236/15 1011/239/15 1009/237/15
f 1014/238/16 1013/241/16 1011/239/16
f 1016/240/17 1015/243/17 1013/241/17
f 1018/242/18 1017/245/18 1015/243/18
f 1020/244/19 1019/247/19 1017/245/19
f 1022/246/20 1021/249/20 1019/247/20
f 1024/248/21 1023/251/21 1021/249/21
f 1026/250/22 1025/253/22 1023/251/22
f 1028/252/23 1027/255/23 1025/253/23
f 1030/254/24 1029/257/24 1027/255/24
f 1032/256/25 1031/259/25 1029/257/25
f 1034/258/26 1033/261/26 1031/259/26
f 1036/260/27 1035/263/27 1033/261/27
f 1038/262/28 1037/265/28 1035/263/28
f 1040/264/29 1039/267/29 1037/265/29
f 1042/266/30 1041/269/30 1039/267/30
f 1044/268/31 1043/271/31 1041/269/31
f 1046/270/32 1045/273/32 1043/271/32
f 1048/272/196 1047/275/196 1045/273/196
f 1050/274/34 1049/277/34 1047/275/34
f 1052/276/35 1051/279/35 1049/277/35
f 1054/278/36 1053/281/36 1051/279/36
f 1056/280/37 1055/283/37 1053/281/37
f 1058/282/38 1057/285/38 1055/283/38
f 1060/284/39 1059/287/39 1057/285/39
f 1062/286/40 1061/289/40 1059/287/40
f 1064/288/41 1063/291/41 1061/289/41
f 1066/290/42 1065/293/42 1063/291/42
f 1068/292/43 1067/295/43 1065/293/43
f 1070/294/44 1069/297/44 1067/295/44
f 1072/296/201 1071/299/201 1069/297/201
f 1074/298/46 1073/301/46 1071/299/46
f 1076/300/202 1075/303/202 1073/301/202
f 1078/302/48 1077/305/48 1075/303/48
f 1080/304/49 1079/307/49 1077/305/49
f 1082/306/50 1081/309/50 1079/307/50
f 1084/308/51 1083/311/51 1081/309/51
f 1086/310/203 1085/313/203 1083/311/203
f 1088/312/53 1087/315/53 1085/313/53
f 1090/314/5 1089/317/5 1087/315/5
f 1092/316/54 1091/319/54 1089/317/54
f 1094/318/55 1093/321/55 1091/319/55
f 1096/320/56 1095/323/56 1093/321/56
f 1098/322/57 1097/325/57 1095/323/57
f 1100/324/58 1099/327/58 1097/325/58
f 1102/326/59 1101/329/59 1099/327/59
f 1104/328/204 1103/331/204 1101/329/204
f 1106/330/61 1105/333/61 1103/331/61
f 1108/332/62 1107/335/62 1105/333/62
f 1110/334/63 1109/337/63 1107/335/63
f 1112/336/64 1111/339/64 1109/337/64
f 1114/338/65 1113/341/65 1111/339/65
f 1116/340/66 1115/343/66 1113/341/66
f 1118/342/5 1117/345/5 1115/343/5
f 1120/344/3 1119/347/3 1117/345/3
f 1122/346/5 1121/349/5 1119/347/5
f 1124/348/6 1123/351/6 1121/349/6
f 1126/350/4 1125/352/4 1123/351/4
f 994/219/67 993/14/67 1125/352/67
f 1127/5/68 1129/354/68 1130/353/68
f 1129/354/69 1131/356/69 1132/355/69
f 1131/356/200 1133/358/200 1134/357/200
f 1133/358/71 1135/360/71 1136/359/71
f 1135/360/72 1137/362/72 1138/361/72
f 1137/362/73 1139/364/73 1140/363/73
f 1139/364/74 1141/366/74 1142/365/74
f 1141/366/75 1143/368/75 1144/367/75
f 1143/368/76 1145/74/76 1146/205/76
f 1145/74/77 1147/370/77 1148/369/77
f 1147/370/78 1149/372/78 1150/371/78
f 1149/372/79 1151/374/79 1152/373/79
f 1151/374/80 1153/376/80 1154/375/80
f 1153/376/81 1155/378/81 1156/377/81
f 1155/378/82 1157/380/82 1158/379/82
f 1157/380/83 1159/382/83 1160/381/83
f 1159/382/84 1161/384/84 1162/383/84
f 1161/384/85 1163/50/85 1164/212/85
f 1163/50/86 1165/386/86 1166/385/86
f 1165/386/87 1167/388/87 1168/387/87
f 1167/388/88 1169/390/88 1170/389/88
f 1169/390/89 1171/392/89 1172/391/89
f 1171/392/90 1173/394/90 1174/393/90
f 1173/394/91 1175/396/91 1176/395/91
f 1175/396/4 1177/398/4 1178/397/4
f 1177/398/6 1179/400/6 1180/399/6
f 1179/400/5 1127/14/5 1128/219/5
f 1184/401/98 1183/403/98 1181/5/98
f 1186/402/99 1185/405/99 1183/403/99
f 1188/404/100 1187/406/100 1185/405/100
f 1190/199/101 1189/202/101 1187/406/101
f 1192/407/205 1191/409/205 1189/202/205
f 1194/408/103 1193/411/103 1191/409/103
f 1196/410/104 1195/412/104 1193/411/104
f 1198/201/105 1197/204/105 1195/412/105
f 1200/413/106 1199/415/106 1197/204/106
f 1202/414/107 1201/417/107 1199/415/107
f 1204/416/108 1203/418/108 1201/417/108
f 1206/203/109 1205/206/109 1203/418/109
f 1208/419/110 1207/421/110 1205/206/110
f 1210/420/111 1209/423/111 1207/421/111
f 1212/422/112 1211/424/112 1209/423/112
f 1214/205/113 1213/74/113 1211/424/113
f 1216/425/114 1215/427/114 1213/74/114
f 1218/426/115 1217/429/115 1215/427/115
f 1220/428/116 1219/430/116 1217/429/116
f 1222/207/117 1221/209/117 1219/430/117
f 1224/431/118 1223/433/118 1221/209/118
f 1226/432/119 1225/435/119 1223/433/119
f 1228/434/120 1227/436/120 1225/435/120
f 1230/208/121 1229/211/121 1227/436/121
f 1232/437/122 1231/439/122 1229/211/122
f 1234/438/123 1233/441/123 1231/439/123
f 1236/440/124 1235/442/124 1233/441/124
f 1238/210/206 1237/213/206 1235/442/206
f 1240/443/126 1239/445/126 1237/213/126
f 1242/444/127 1241/447/127 1239/445/127
f 1244/446/128 1243/448/128 1241/447/128
f 1246/212/129 1245/50/129 1243/448/129
f 1248/449/130 1247/451/130 1245/50/130
f 1250/450/131 1249/453/131 1247/451/131
f 1252/452/132 1251/454/132 1249/453/132
f 1254/214/133 1253/216/133 1251/454/133
f 1256/455/207 1255/457/207 1253/216/207
f 1258/456/135 1257/459/135 1255/457/135
f 1260/458/136 1259/460/136 1257/459/136
f 1262/215/137 1261/218/137 1259/460/137
f 1264/461/138 1263/463/138 1261/218/138
f 1266/462/139 1265/465/139 1263/463/139
f 1268/464/140 1267/466/140 1265/465/140
f 1270/217/141 1269/220/141 1267/466/141
f 1272/467/142 1271/469/142 1269/220/142
f 1274/468/143 1273/471/143 1271/469/143
f 1276/470/144 1275/472/144 1273/471/144
f 1182/219/145 1181/14/145 1275/472/145
f 1277/5/146 1279/403/146 1280/401/146
f 1279/403/147 1281/405/147 1282/402/147
f 1281/405/148 1283/406/148 1284/404/148
f 1283/406/149 1285/202/149 1286/199/149
f 1285/202/150 1287/409/150 1288/407/150
f 1287/409/151 1289/411/151 1290/408/151
f 1289/411/152 1291/412/152 1292/410/152
f 1291/412/153 1293/204/153 1294/201/153
f 1293/204/154 1295/415/154 1296/413/154
f 1295/415/155 1297/417/155 1298/414/155
f 1297/417/156 1299/418/156 1300/416/156
f 1299/418/157 1301/206/157 1302/203/157
f 1301/206/158 1303/421/158 1304/419/158
f 1303/421/159 1305/423/159 1306/420/159
f 1305/423/160 1307/424/160 1308/422/160
f 1307/424/208 1309/74/208 1310/205/208
f 1309/74/162 1311/427/162 1312/425/162
f 1311/427/163 1313/429/163 1314/426/163
f 1313/429/164 1315/430/164 1316/428/164
f 1315/430/165 1317/209/165 1318/207/165
f 1317/209/166 1319/433/166 1320/431/166
f 1319/433/167 1321/435/167 1322/432/167
f 1321/435/168 1323/436/168 1324/434/168
f 1323/436/169 1325/211/169 1326/208/169
f 1325/211/170 1327/439/170 1328/437/170
f 1327/439/171 1329/441/171 1330/438/171
f 1329/441/172 1331/442/172 1332/440/172
f 1331/442/173 1333/213/173 1334/210/173
f 1333/213/174 1335/445/174 1336/443/174
f 1335/445/175 1337/447/175 1338/444/175
f 1337/447/176 1339/448/176 1340/446/176
f 1339/448/177 1341/50/177 1342/212/177
f 1341/50/178 1343/451/178 1344/449/178
f 1343/451/179 1345/453/179 1346/450/179
f 1345/453/180 1347/454/180 1348/452/180
f 1347/454/132 1349/216/132 1350/214/132
f 1349/216/181 1351/457/181 1352/455/181
f 1351/457/182 1353/459/182 1354/456/182
f 1353/459/183 1355/460/183 1356/458/183
f 1355/460/184 1357/218/184 1358/215/184
f 1357/218/185 1359/463/185 1360/461/185
f 1359/463/186 1361/465/186 1362/462/186
f 1361/465/187 1363/466/187 1364/464/187
f 1363/466/188 1365/220/188 1366/217/188
f 1365/220/189 1367/469/189 1368/467/189
f 1367/469/190 1369/471/190 1370/468/190
f 1369/471/191 1371/472/191 1372/470/191
f 1371/472/192 1277/14/192 1278/219/192
f 1376/221/7 1375/223/7 1373/5/7
f 1378/222/8 1377/225/8 1375/223/8
f 1380/224/9 1379/227/9 1377/225/9
f 1382/226/10 1381/229/10 1379/227/10
f 1384/228/11 1383/231/11 1381/229/11
f 1386/230/12 1385/233/12 1383/231/12
f 1388/232/13 1387/235/13 1385/233/13
f 1390/234/14 1389/237/14 1387/235/14
f 1392/236/15 1391/239/15 1389/237/15
f 1394/238/16 1393/241/16 1391/239/16
f 1396/240/17 1395/243/17 1393/241/17
f 1398/242/18 1397/245/18 1395/243/18
f 1400/244/19 1399/247/19 1397/245/19
f 1402/246/20 1401/249/20 1399/247/20
f 1404/248/21 1403/251/21 1401/249/21
f 1406/250/22 1405/253/22 1403/251/22
f 1408/252/23 1407/255/23 1405/253/23
f 1410/254/24 1409/257/24 1407/255/24
f 1412/256/25 1411/259/25 1409/257/25
f 1414/258/26 1413/261/26 1411/259/26
f 1416/260/27 1415/263/27 1413/261/27
f 1418/262/28 1417/265/28 1415/263/28
f 1420/264/29 1419/267/29 1417/265/29
f 1422/266/30 1421/269/30 1419/267/30
f 1424/268/31 1423/271/31 1421/269/31
f 1426/270/32 1425/273/32 1423/271/32
f 1428/272/209 1427/275/209 1425/273/209
f 1430/274/34 1429/277/34 1427/275/34
f 1432/276/35 1431/279/35 1429/277/35
f 1434/278/210 1433/281/210 1431/279/210
f 1436/280/37 1435/283/37 1433/281/37
f 1438/282/211 1437/285/211 1435/283/211
f 1440/284/39 1439/287/39 1437/285/39
f 1442/286/40 1441/289/40 1439/287/40
f 1444/288/41 1443/291/41 1441/289/41
f 1446/290/42 1445/293/42 1443/291/42
f 1448/292/43 1447/295/43 1445/293/43
f 1450/294/44 1449/297/44 1447/295/44
f 1452/296/201 1451/299/201 1449/297/201
f 1454/298/46 1453/301/46 1451/299/46
f 1456/300/202 1455/303/202 1453/301/202
f 1458/302/48 1457/305/48 1455/303/48
f 1460/304/49 1459/307/49 1457/305/49
f 1462/306/50 1461/309/50 1459/307/50
f 1464/308/51 1463/311/51 1461/309/51
f 1466/310/52 1465/313/52 1463/311/52
f 1468/312/53 1467/315/53 1465/313/53
f 1470/314/5 1469/317/5 1467/315/5
f 1472/316/54 1471/319/54 1469/317/54
f 1474/318/55 1473/321/55 1471/319/55
f 1476/320/56 1475/323/56 1473/321/56
f 1478/322/57 1477/325/57 1475/323/57
f 1480/324/58 1479/327/58 1477/325/58
f 1482/326/212 1481/329/212 1479/327/212
f 1484/328/60 1483/331/60 1481/329/60
f 1486/330/61 1485/333/61 1483/331/61
f 1488/332/62 1487/335/62 1485/333/62
f 1490/334/63 1489/337/63 1487/335/63
f 1492/336/64 1491/339/64 1489/337/64
f 1494/338/65 1493/341/65 1491/339/65
f 1496/340/66 1495/343/66 1493/341/66
f 1498/342/5 1497/345/5 1495/343/5
f 1500/344/3 1499/347/3 1497/345/3
f 1502/346/5 1501/349/5 1499/347/5
f 1504/348/6 1503/351/6 1501/349/6
f 1506/350/4 1505/352/4 1503/351/4
f 1374/219/67 1373/14/67 1505/352/67
f 1507/5/68 1509/354/68 1510/353/68
f 1509/354/69 1511/356/69 1512/355/69
f 1511/356/70 1513/358/70 1514/357/70
f 1513/358/71 1515/360/71 1516/359/71
f 1515/360/72 1517/362/72 1518/361/72
f 1517/362/73 1519/364/73 1520/363/73
f 1519/364/74 1521/366/74 1522/365/74
f 1521/366/75 1523/368/75 1524/367/75
f 1523/368/76 1525/74/76 1526/205/76
f 1525/74/213 1527/370/213 1528/369/213
f 1527/370/95 1529/372/95 1530/371/95
f 1529/372/96 1531/374/96 1532/373/96
f 1531/374/80 1533/376/80 1534/375/80
f 1533/376/81 1535/378/81 1536/377/81
f 1535/378/82 1537/380/82 1538/379/82
f 1537/380/83 1539/382/83 1540/381/83
f 1539/382/84 1541/384/84 1542/383/84
f 1541/384/85 1543/50/85 1544/212/85
f 1543/50/86 1545/386/86 1546/385/86
f 1545/386/87 1547/388/87 1548/387/87
f 1547/388/97 1549/390/97 1550/389/97
f 1549/390/89 1551/392/89 1552/391/89
f 1551/392/90 1553/394/90 1554/393/90
f 1553/394/91 1555/396/91 1556/395/91
f 1555/396/4 1557/398/4 1558/397/4
f 1557/398/6 1559/400/6 1560/399/6
f 1559/400/5 1507/14/5 1508/219/5
